name,restaurants_url,telephone,street,street_number,city,postal_code,rating,number_ratings
Koku Sushi Point,,794 218 788,Piaskowa,20,Bolesławiec,59-700,4.4,56
Restauracja Ha Noi,,884 192 192,Rybacka,25,Lubań,59-800,4.3,263
Smakonomia,,732700732,Rynek,12,Nowogrodziec,59-730,3.5,300
Restauracja Wolles,restauracjawolles.pl,503709780,Lubańska,13/14,Nowogrodziec,59-730,5,266
CW manual testing,,654654654,Teststreet,13,Katowice,88-888,4.5,12
Koku Sushi Point,,789249789,Bankowa,9/L1,Lubań,59-800,4.8,46
GoodBurger,goodburger-boleslawiec.pl,666313232,Bolesława Prusa,22/23,Bolesławiec,59-700,4.2,156
El Pablo,,782829882,Rynek,4,Bolesławiec,59-700,4.4,137
Restauracja Żytomierz,,516118075,10 Marca,4a,Bolesławiec,59-700,3.7,15
Da Grasso,,573442515,Ignacego Daszyńskiego,29,Bolesławiec,59-700,4.2,448
Ryõri,,882 155 731,Rynek,15/16,Bolesławiec,59-700,3.9,16
Bar Bardzo Popularny,bar-bardzo-popularny.pl,512555198,Sierpnia '80,4/6,Bolesławiec,59-700,4.6,228
Restauracja Petrochemia,restauracjapetrochemia.pl,500195499,Augusta Cieszkowskiego,13B,Bolesławiec,59-700,4.6,228
Pizzeria Marceli,pizzeriamarceli-boleslawiec.pl,728008028,Rynek 1,2 lok. 7,Bolesławiec,59-700,4.4,274
Telepizza,,573207978,Popiełuszki,2,Bolesławiec,59-700,3.6,15
Barka,,600560324,Prusa,6/7,Bolesławiec,59-700,4.3,47
Biesiadowo,,886950820,Kleeberga,2,Bolesławiec,59-700,3.9,23
Sera Kebab,sera-kebab-zagan.pl,690 453 407,Jana Keplera,20,Żagań,68-100,4.1,60
Sultan Kebap,,728 542 214,marsz. Józefa Piłsudskiego,16,Dzierżoniów,58-200,4.1,37
Sultan kebab,,795 511 160,Złota,9,Dzierżoniów,58-200,4.2,26
Pizzeria Kameralna,pizzeriakameralna.pl,748724711,Rynek,28,Nowa Ruda,57-400,4.2,233
Bar Uniwersalny,,748311081,Wrocławska,19,Dzierżoniów,58-200,4.6,111
Ha Noi,,666662019,Piastowska,36,Bielawa,58-260,4.7,154
11 Food,11-food-dzierzoniow.pl,500 768 485,Świdnicka,15,Dzierżoniów,58-200,4,107
Uzwar,,728 236 777,Rynek,24,Dzierżoniów,58-200,0,0
Rynek 24,,537202232,Rynek,24,Nowa Ruda,57-400,5,6
Zafran Kebab,,798 330 010,Jana III Sobieskiego,18,Bielawa,58-263,4.4,25
Alaturka,alaturka-bielawa.pl,661 494 732,plac Wolności,2,Bielawa,58-260,4.6,9
Grande Gufo,,693993905,Jana Kasprowicza,34,Ludwikowice Kłodzkie,57-450,4.8,4
Dahab Kebab,dahabkebab.pl,796178845,Wolności,11,Strzelin,57-100,4,96
Sunway Kebab,,504463120,Rynek,9b,Dzierżoniów,58-200,0,0
Pizzeria Na Rynku,,535 997 280,Rynek,2/2a,Sobótka,55-050,4,47
Szczere Pole,,601 376 074,Armii Krajowej,6,Sobótka,55-050,0,0
Restauracja Wieża,restauracjawieza-swidnica.pl,537857160,Nauczycielska,3,Świdnica,58-100,4.8,202
Mustafa Kebab,,797 257 529,1 Maja,7/4,Ząbkowice Śląskie,57-200,4.7,29
Kropla Oliwy,kropla-oliwy-rawicz.pl,727353435,Piłsudskiego,38B,Rawicz,63-900,4.5,65
Kuchnia Babci Halinki,kuchniababcihalinki-rawicz.pl,511 511 487,Sienkiewicza,28c/3,Rawicz,63-900,4.4,13
Tymff,tymff.pl,655 405 800,Ratuszowa,8,Wschowa,67-400,4.5,189
Sakura Ramen,,506 732 384,Grodzka,12,Leszno,64-100,4.1,22
Kebab Point Leszno 1,,888758828,Niepodległości,70,Leszno,64-100,3.8,231
Euforia Burger,,724636060,Przemysłowa,20,Leszno,64-100,4.9,322
Świat Pierogów,,723982052,Aleja Konstytucji 3 Maja,9,Leszno,64-100,5,18
Da Grasso,,768533333,Rynek,57,Głogów,67-200,4.6,1275
City Pizza,citypizza.pl,726456856,Saturna,pawilon 13,Głogów,67-200,3.5,158
Restauracja Hong Ha,,767449009,Kolejowa,20,Polkowice,59-100,4.3,52
Bianco,,509441105,Saturna,1/56,Głogów,67-200,4.1,91
Bar Restauracyjny Pod Kasztanami,bar-restauracyjny-pod-kasztanami.pl,767208236,Sikorskiego,50,Głogów,67-200,4.4,640
Meghna Kebeb,,739 577 619,Kosmonautów Polskich,37,Głogów,67-200,3.8,51
Ramengers,,660076726,Wita Stwosza,5,Głogów,67-200,4.7,86
Lunch-o-mania,,665768994,Rudnowska,17b,Głogów,67-200,4.9,330
Koku Sushi,,881291800,Rynek,75,Głogów,67-200,4.3,107
Trzy Po Trzy,,727 430 056,Słodowa,46,Głogów,67-200,3.1,5
Wędzarnia Staromiejska,wedzarnia-staromiejska.pl,664464705,Rynek,67,Głogów,67-200,4.3,28
Ha Noi,,768358181,Merkurego,1,Głogów,67-200,3.7,873
Noor Kebab,,579263532,Aleja Wolności,16D,Głogów,67-200,4.3,605
KFC,,571420934,Legnicka,10,Głogów,67-200,3.5,95
McDonald's,,694 495 917,Aleja Wolności,1,Głogów,67-200,4.4,41
Akin Kebab Pizza House,,576885352,Bolesława Chrobrego,2,Jawor,59-400,4.4,28
ROLKA - sushi & bubbletea,,666 626 646,Rynek,36/1F,Legnica,59-220,3.6,63
Pizzeria Nowe Siostry Pepperoni,,530137503,Aleja Rzeczypospolitej,125,Legnica,59-220,4.6,63
Ha Noi,,788 542 542,Podwale,28,Jelenia Góra,58-500,3.7,424
Piri Piri Trattoria,,757524702,Piłsudskiego,60,Jelenia Góra,58-500,4.1,1455
Super Kebab,super-kebab-walbrzych.pl,739 568 839,Janusza Kusocińskiego,21A,Wałbrzych,58-309,3.7,318
Super Kebab Andersa,superkebabandersawalbrzych.pl,577668699,Andersa,149A,Wałbrzych,58-304,3.2,225
Sofa,,757423851,Plac Ratuszowy,13/14,Jelenia Góra,58-500,4.6,1018
Langos,,603 086 986,Długa,6,Wałbrzych,58-309,5,38
Piwniczka,,538538536,Plac Ratuszowy,58,Jelenia Góra,58-500,2,106
Noor Kebab,noor-kebab.pl,579 280 522,Piłsudskiego,14,Jelenia Góra,58-500,4.5,454
Na węglu,,575234500,1 Maja,37,Jelenia Góra,58-500,4.7,30
Afera Szprycera,,882810444,Bankowa,2,Jelenia Góra,58-500,4.3,21
Piwiarnia Warki,,756453000,Plac Ratuszowy,10,Jelenia Góra,58-500,4.2,1943
Pizzeria Roma,,756401700,Wiejska,4D,Jelenia Góra,58-500,4.4,2511
Grande Roma,,796020202,Gimnazjalna,2,Jelenia Góra,58-560,4.7,884
Pizzeria Karpaczia i Pszczoła,,731529030,Cieplicka,18A,Jelenia Góra,58-560,4.7,42
Pierogarnia z Gitarą i Piórem,,789093292,1 Maja,44,Jelenia Góra,58-500,4.7,41
Pizza King,,730904050,Elsnera,3D,Jelenia Góra,58-506,4,201
Pan Gruzin,pangruzinjeleniagora.pl,795 663 635,1 Maja,19,Jelenia Góra,58-500,4.3,71
Minar Kebab & Grill,minar-kebab-grill.pl,739497348,1 Maja,55,Jelenia Góra,58-500,3.5,413
Dolce Vita,dolcevita.pl,796590690,Karkonoska,2,Wojcieszyce,58-560,4.9,935
Ale Ziemniak!,,757531000,Sudecka,18,Jelenia Góra,58-500,4.7,217
Molto Bene,,721334445,Grażyny Bacewicz,26,Jelenia Góra,58-506,4.8,972
Lord Lounge,restauracja-lord.pl,570581896,Plac Ratuszowy,39-46,Jelenia Góra,58-500,4.5,272
Pizza Lord,podplomyki-lord.pl,570581896,Plac Ratuszowy,39-46,Jelenia Góra,58-500,4.4,84
Restauracja Gusto,,75 769 61 32,Konstytucji 3 Maja,77/77a,Karpacz,58-540,3.5,7
FANO,,728058058,Wolności,236a,Jelenia Góra,58-560,4.8,74
Bystry bistro,,538 538 536,Wolności,127,Jelenia Góra,58-500,2.2,18
Koku Sushi,,797797435,Solna,4,Jelenia Góra,58-500,4.6,40
Qshi-Sushi,,515 419 710,Plac Ratuszowy,59,Jelenia Góra,58-500,2.7,11
Szklarski Dworek - Kuchnia autorska,,507 975 160,Jeleniogórska,7,Szklarska Poręba,58-580,0,0
Molto Bene,moltobene.pl,724020055,Sikorskiego,3,Szklarska Poręba,58-580,4.4,1284
Izerskie Smaki,,798 286 000,Głowackiego,5,Świeradów-Zdrój,59-850,4.1,39
Palermo,,757543295,Sygietyńskiego,1,Jelenia Góra,58-506,4.2,506
Słowianka,,733070828,Karłowicza,39,Jelenia Góra,58-506,4.9,301
CHRUPIĄCY KURCZAK,,732849792,Adama Mickiewicza,11,Karpacz,58-540,3.8,5
Stacja Burger,,797062500,Kolejowa,2a,Karpacz,58-540,5,130
Pizza Molto Bene,,724422722,Kolejowa,2a,Karpacz,58-540,4.7,2021
Karkonoska Zapiekana,,602402460,Turystyczna,5,Karpacz,58-540,0,0
KFC,,519198518,Al. Jana Pawla II,49A,Jelenia Góra,58-506,3.1,88
Chilli Moose,,883 213 885,Parkowa,1,Karpacz,58-540,4.8,119
Pizza King,,730 035 005,Konstytucji 3 maja,14,Karpacz,58-540,4.5,86
Szałowy Kebab,,534 815 047,Konstytucji 3 Maja,74,Karpacz,58-540,4.3,57
Pizzeria Karpaczia,,883141341,Konstytucji 3 Maja,15,Karpacz,58-540,4.2,734
Lawendowy Dworek,lawendowy-dworek-karpacz.pl,604473186,Karkonoska,15,Karpacz,58-540,4.2,57
Atelier Kulinarne Sarmacja,atelier-kulinarne-sarmacja.pl,500011105,Konstytucji 3 Maja,4,Karpacz,58-540,4.7,33
Zaza Kebab,,515 777 780,Konstytucji 3 Maja,52a,Karpacz,58-540,3.8,26
Pierogi i Naleśniki Bistro Karpacz,,515 777 780,Konstytucji 3 Maja,52A,Karpacz,58-540,4.7,60
Bey Kebab,beykebab-szklarskaporeba.pl,881740006,Odrodzenia,1/A,Szklarska Poręba,58-580,4.7,49
Restauracja Retro,,780016370,1 Maja,20,Szklarska Poręba,58-580,4.3,28
Karczma Pod Skałką,karczma-pod-skalka-szklarska-poreba.pl,728 844 760,Urocza,3a,Szklarska Poręba,58-580,4.5,16
Kawał Pizzy,,697 978 987,1 Maja,7,Szklarska Poręba,58-580,4.8,134
Restauracja Szyb Witold,,666 050 085,Traugutta,12G,Boguszów-Gorce,58-371,4.7,87
Restauracja Magdalenka,restauracjamagdalenka.pl,748867421,Kościuszki,5,Boguszów-Gorce,58-371,4,251
Restauracja Hong Ha,restauracja-hong-ha.pl,74 842 26 64,Romana Dmowskiego,22,Wałbrzych,58-300,4.6,242
Pizzeria Nowar,,736672808,Piłsudskiego,27,Nowa Ruda,57-400,4.4,47
Gospoda Harenda,gospodaharenda.pl,512260423,Kasprowicza,34,Ludwikowice Kłodzkie,57-450,4.7,20
11 Food,11-food.pl,512 260 423,Główna,11,Ludwikowice Kłodzkie,57-450,4.1,72
Restauracja Hotelu Abis,restauracja-hotelu-abis-bystrzyca-klodzka.pl,509141493,Strażacka,28,Bystrzyca Kłodzka,57-500,3.9,54
Pizzeria Gregorio,,748729626,Kłodzka,11,Nowa Ruda,57-402,4.1,484
SUSHIdlaMNIE,,786 970 274,Noworudzka,2,Kłodzko,57-300,4.7,11
Zielone Wzgórze,zielonewzgorze.pl,790500503,Bolesławów,52-53,Stronie Śląskie,57-550,4.5,103
Na Stoku Twierdzy,,511714118,Nowy Świat,57,Kłodzko,57-300,4,78
KFC,,571420937,Noworudzka,2,Kłodzko,57-300,2.6,23
Kebab Sunmark,,574208961,Okrzei,17,Kłodzko,57-300,5,65
Sushi World,,601880881,Letnia,20,Kłodzko,57-300,4.9,63
Zibi Restauracja Pizzeria,,748136699,Wandy,3a,Kłodzko,57-300,4.9,1300
Chill Burger,,603 759 374,Zawiszy Czarnego,1c,Kłodzko,57-300,5,48
Kebabian,,573 853 889,Wiosenne,6D,Kłodzko,57-300,5,4
Ristorante Felicita,,74 810 8324,Spadzista,2-8,Kłodzko,57-300,4.4,116
Pizzeria Daria,,748670018,Pl. Bolesława Chrobrego,6,Kłodzko,57-300,3.9,750
Pyza Kłodzka,,605666969,Spółdzielcza,21,Kłodzko,57-300,4,96
Smaki na Szlaku,smakinaszlaku.pl,532323112,Kłodzka,8b,Polanica-Zdrój,57-320,4.5,163
La Salle,lasalle.pl,883209380,Plac Wolności,1,Bystrzyca Kłodzka,57-500,4.1,389
PIEKIELNA BABCIA Tex-Mex Bar,,536 948 206,Żwirki i Wigury,54,Legnica,59-220,4.3,64
Pizzeria Napoli,pizzeria-napoli.pl,767221000,Wrocławska,170 B/C,Legnica,59-220,4,129
Piwiarnia Warki,,767210051,Skarbowa,1,Legnica,59-200,3.3,2596
Rynek 10,,768623079,Rynek,10,Legnica,59-220,3.3,624
Ha Noi,,888872872,Nowodworska,30,Legnica,59-220,4.3,200
Restbar Pepe,restbar-pepe.pl,732927895,Izerska,36/16,Legnica,59-220,4.4,290
Restauracja Hotel Nowodworski w Legnicy,restauracjahotelnowodworskiwlegnicylegnica.pl,767220991,Nowodworska,30,Legnica,59-220,4.7,25
Obiadowo Legnica,,533641641,Kamińskiego,33,Legnica,59-220,4.3,329
Ha Noi,,788519519,Wrocławska,170a,Legnica,59-200,4.5,2647
Bar Swojski,,500695095,Tatrzańska,13,Legnica,59-220,4.5,441
Koku Sushi,,534005383,Świętego Piotra,9,Legnica,59-220,4.4,1229
Pizza Drive,,516 366 272,Hangarowa,13D,Legnica,59-220,4.3,163
Legnicki Browar Książęcy Hotel i Restauracja,,574177440,Dworcowa,9,Legnica,59-220,4.3,165
Czerkasy,czerkasy-legnica.pl,730 712 661,Chojnowska,135,Legnica,59-220,4.4,234
Kwadrans,,793943777,Jana Brzechwy,14A,Legnica,59-220,4.6,59
KEBAB EMPIRE,,573683905,Fabryczna,13,Legnica,59-220,3.4,178
Gra Smaków,,664959527,Najświętszej Marii Panny,9,Legnica,59-220,4.3,102
Da Grasso,,767223323,Jaworzyńska,7,Legnica,59-220,4.1,1252
Sushi Kushi,,731 203 203,Chojnowska,96,Legnica,59-220,4.6,33
Kebab Stambuł,,500797026,Gwarna,1a,Legnica,59-220,4.2,26
Świat Łakoci,,729217843,Wroclawska,10/18,Legnica,59-220,5,5
Kebabowo,,695597974,Marsa,15,Legnica,59-220,4.3,23
Chili Blue,,533 844 253,Batalionu „Zośka”,36a,Legnica,59-220,4.2,90
Junior Burger,,533 892 386,Najświętszej Marii Panny,5,Legnica,59-220,4.1,29
Świat Pierogów,,723982026,Iwaszkiewicza,1,Legnica,59-220,4.9,49
GiaGia Italian Streetfood,,662 841 481,Macieja Rataja,37,Legnica,59-220,5,10
Ha Long,,739696180,Schumana,11,Legnica,59-220,4.6,39
King House Kebab,,789 977 721,Piłsudskiego,38,Legnica,59-220,4,18
Manufaktura Precli,,518090727,Złotoryjska,1,Legnica,59-220,5,9
Queen Kebab,,536521188,Piłsudskiego,84,Legnica,59-220,3.8,22
Kebab&Gyros,kebabkurczakzrozna.pl,501953031,Schumana,11,Legnica,59-220,3.8,137
Bistro N.22,bistro-n22.pl,698664013,Najświętszej Marii Panny,22,Legnica,59-220,4.3,376
Domino's Pizza,,767564101,Aleja Piłsudskiego,84,Legnica,59-220,4,493
New York Pizza Department,,76 300 00 64,Tadeusza Gumińskiego,17,Legnica,59-220,4.4,1164
Opera,,782 445 022,aleja Piłsudskiego,62,Legnica,59-220,4.6,85
Receptura 57,,605727554,Józefa Piłsudskiego,18,Legnica,59-220,4.6,143
Taranto Pizza,,660 001 591,Legnicka,37a,Spalona,59-216,4.4,21
Pizzeria Na Rogu,,76 500 00 99,Jastrzębia,9A,Lubin,59-300,4.7,120
Kebab Mark & Grill Bar,,571027615,Stefana Kisielewskiego,2,Lubin,59-300,4.1,234
Ha Noi,,889 476 476,Mostowa,1,Środa Śląska,55-300,4.3,36
Kebab Classic,,502 209 809,Rybacka,25,Lubań,59-800,3.8,35
Catering Sprytna Gosposia,cateringsprytnagosposia.pl,609 514 377,Hutnicza,1,Lubań,59-800,4.7,69
Capital Kebab,,513 557 787,Lubańska,3b,Zgorzelec,59-900,4.4,32
Monteverde,,790590199,Zakopiańska,22,Świeradów,59-850,4.8,16
Pizzeria Parma Lubin,,733 111 821,Polna,28,Lubin,59-300,4.7,102
Ave Cezar Pizza,,767247746,Piłsudskiego,22,Lubin,59-300,4.5,1401
Pizzeria Italia,,885 335 885,1-go Maja,17B,Lubin,59-300,3.9,166
New York Pizza Department,,767458504,Pawia,45,Lubin,59-300,4.1,633
Asia Sushi,asiasushi.pl,661640661,Leśna,23b,Lubin,59-300,4.8,40
Ha Noi,,767 466 709,Odrodzenia,8c,Lubin,59-300,4.1,107
Koku Sushi,,731444307,Wileńska,8/1,Lubin,59-300,4.7,499
Da Grasso,,504908743,Drzymały,1A,Lubin,59-300,4.6,715
Świat Pierogów,,723982059,Generała Józefa Bema,1,Lubin,59-300,4.6,285
Capitol Kebab,,516117574,Pawia,66c,Lubin,59-300,4,76
"Restauracja Azjatycka ,,Hoang Kim''",,48508478696,Ignacego Łukasiewicza,1 pawilon 97,Lubin,59-300,4,11
Głodny Polak,,725226226,Budowniczych LGOM,59b,Lubin,59-300,3.5,62
Nakręceni,,790220365,Karkonoska,1B,Lubin,59-300,5,7
Krucza Chata,,781 762 083,Krucza,47A,Lubin,59-300,3.2,35
Jaami,,791 209 409,Plac Szkolny,1,Wołów,56-100,4.2,28
Kuchnia Smaków,,605513513,Jana Pawła II,46,Lubin,59-300,3.6,68
Baruś,baruslubin.pl,76 724 60 81,Księcia Ludwika I,1B,Lubin,59-300,4.9,399
Nowa Verona,nowa-verona.pl,512990119,Kisielewskiego,19,Lubin,59-300,4.3,714
Zapiekarnia,zapiekarnia.pl,721274904,Sybiraków,26B,Lubin,59-300,4.8,263
Verona Pizzeria Restauracja,veronapizzeriarestauracja.pl,767 493 200,Mieszka I,22,Lubin,59-300,4.7,379
Tripoli Kebab,tripoli-kebab-lubin.pl,607408072,Armii Krajowej,25,Lubin,59-300,4,91
Panda Ramen,,531618182,Gen. Józefa Bema,8,Lubin,59-300,4.2,104
Gastrofaza,gastrofazalubin.pl,790 390 077,Wrocławska,7,Lubin,59-300,4.4,272
Antalya Kebab,antalyakebablubin.pl,725727717,Odrodzenia,9A,Lubin,59-300,4.3,203
Fit Cake,,501746100,Bolesława Chrobrego,6,Lubin,59-300,4.6,48
Restauracja Ha Noi,,889999494,Stefana Kisielewskiego,27,Lubin,59-339,3.8,510
Ekushe Kebab,,576729612,Władysława Broniewskiego,3,Lubin,59-300,3.7,858
Dhaka Star Kebab,dhakastarkebabmilicz.pl,511719374,Lwowska,3,Milicz,56-300,3.3,130
Pizzeria Vesuvio,,601419626,Mickiewicza,25,Syców,56-500,4.4,387
Restauracja & Pub ANGELO 2.0,,790740140,Szkolna,5,Syców,56-500,3.6,8
Dhaka Star Kebab,dhakastarkebab.pl,574765585,Lwowska,2,Oleśnica,56-400,3.8,505
Suszarnia Wrocław Czarnieckiego,suszarnia.pl,533979846,Czarnieckiego,13,Wrocław,53-650,4.8,3185
Da Grasso,,713141717,Marii Skłodowskiej-Curie,8E-8F,Oleśnica,56-400,4.5,413
Dhaka King Kebab,,725 615 191,Traugutta,7,Oleśnica,56-400,4.4,396
GardenBistro,grillgarden-olesnica.pl,500407722,Podchorążych,2A,Oleśnica,56-400,4.5,484
SterBar,,783 960 156,Adama Mickiewicza,3,Oleśnica,56-400,3,13
Pizzeria Familia,pizzeriafamilia.pl,713183789,Żwirki,1,Jelcz-Laskowice,55-220,4.5,578
Rimini Pizza Kebab,,793710229,Słowackiego,20A,Bierutów,56-420,4.7,160
Antalya,,739050984,Wrocławska,19,Nadolice Wielkie,55-003,4.2,22
Donna's Kebab 2,,533 430 355,Józefa Bożka,22,Jelcz-Laskowice,55-220,4.9,15
Bar Orientalny Viet Thai,,579 100 126,Rzemieślnicza,8,Oleśnica,56-400,4.5,93
Jack Pub & Restaurant,,727400255,Wały Jagiellońskie,20,Oleśnica,56-400,4.9,1167
Rimini Pizza Kebab,,793710229,Generała Władysława Sikorskiego,3G,Oleśnica,56-400,4.7,530
Like Rolls,like-rolls.pl,571268781,Poleska,1,Wrocław,51-348,4.9,1269
Ciao Pizza,,533201918,Wrocławska,37,Kiełczów,55-093,4.4,1640
Str-eat BUS,,509609295,Poprzeczna,21,Gajków,55-002,5,34
Monka,,797 183 333,Hallera,21,Oleśnica,56-400,5,8
Holy Kebab & Grill,holykebabgrill-olesnica.pl,727463084,Wojska Polskiego,16,Oleśnica,56-400,3.9,37
Antalya Grill & Kebab & Pizza,,577050984,Przylesie,2,Miłoszyce,55-220,4.2,73
Pizzeria Tropikana,pizzeriatropikana.pl,713184135,Partyzantów,8,Jelcz-Laskowice,55-220,4.5,556
Pub Pawełek,,579245690,1 Maja,31B,Oława,55-200,3.9,99
Casa De Kebab 2,,887 796 316,Wrocławska,71,Kamieniec Wrocławski,55-002,4.5,122
Mali Kebab,,797059379,Józefa Bożka,11a,Jelcz-Laskowice,55-220,0,0
Capitol Kebab,,518 879 538,Sportowa,6E,Oława,55-200,3.5,16
Wok'n'Spice,,793766837,Parkowa,5,Łany,55-002,4.8,110
Cebulka i Skwarek,,721161355,Sportowa,4/19,Oława,55-200,4.7,23
Kebab Mark - Kuchnia Libańska & Grill Bar,,880400405,Chocimska,5A,Brzeg,49-304,4.6,140
Goma Sushi,,793065645,Stysia,41,Wrocław,53-525,4.9,4122
Pan Smak Pizzeria,pansmakpizzeria.pl,577235774,Lipowa,1C,Oława,55-200,4.1,309
Kebab Zone,kebabzone.pl,794669505,Iwaszkiewicza,10,Oława,55-200,4.5,185
SushiDlaMnie,,575311707,Nowy Otok,11,Oława,55-200,4.9,14
Sheriff Kebab,,579273309,Jana Pawła II,29c,Siechnice,55-011,4.5,35
Bua Burger,,795991981,Piastów Śląskich,19,Siechnice,55-011,4.8,62
SUSHI Point,,780111202,Długa,2,Brzeg,49-300,4.8,186
Pizzeria Nocna Wrocław,,600 233 420,Krynicka,1/7a,Wrocław,50-555,4.4,180
Hamsa Kebab,,575 367 475,Al. Niepodległości,8,Żórawina,55-020,4.5,25
Wilcza Chata,,797167502,Topolowa,1,Skarbimierz Osiedle,49-318,4.4,29
Restauracja Inka,,774154528,Rynek,11,Grodków,49-200,4,78
Pan Burger,,577 235 735,Jana Kilińskiego,1,Oława,55-200,4.6,48
Sushi Naka Naka,,713608111,Ołtaszyńska,92e/7,Wrocław,53-034,4.5,458
"Restauracja Azjatycka ,,Hoang Kim""",,888829698,Targowa,12,Polkowice,59-100,4.4,173
We Love Burger,weloveburger.pl,513 971 550,Słowiańska,12,Polkowice,59-100,4.8,147
Happy Doner,,500 543 536,Ułańska,3,Żary,68-200,4.5,19
Döner Kebab,,601 160 860,Wincentego Witosa,10/2,Kobierzyce,55-040,4.1,18
Mustafa Kebab,,601160860,Witosa,14,Kobierzyce,55-040,3.9,276
Ali Kebab,sondoskebabkobierzyce.pl,601160860,Robotnicza,4,Kobierzyce,55-040,4.2,82
La Gyros,,601160860,Wincentego Witosa,10/1,Kobierzyce,55-040,4.1,24
Biesiadowo,,530349349,Adama Mickiewicza,1,Strzelin,57-100,3.5,204
Big Fish Nysa,,602 682 208,Wrocławska,15/6,Nysa,48-300,5,28
American Sushi Express Zawalna,,884330413,Zawalna,11B,Wrocław,51-118,4.7,397
Monster Cook,,731 702 666,Junacka,7,Wrocław,54-020,4.8,114
Ha-Noi Szybowcowa,,889 667 668,Szybowcowa,5,Wrocław,54-130,5,4363
Slice of Italy,,731671073,Szałwiowa,31,Wrocław,51-180,4.8,130
Pizzeria Puls,,713536616,Pilczycka,140,Wrocław,54-150,4.5,694
Namaste Nepal,namastenepal.pl,501825955,Legnicka,55A,Wrocław,54-203,4.9,2093
Tawerna Trzebnicka,,502138461,Rynek,8,Trzebnica,55-100,4,84
Prosto z Gara,,71 313 48 68,Szałwiowa,27,Wrocław,51-180,4.7,530
Bistro Lviv,bistrolviv.pl,717947119,Legnicka,25,Wrocław,53-671,4.6,639
Ristorante Pizzeria Taormina Nad Odrą,ristorante-pizzeria-taormina-nad-odra.pl,506703921,Na Polance,22c,Wrocław,51-109,4.7,411
Focca Czyja Pizza,,717150155,Waniliowa,46a,Wrocław,51-180,4.8,367
Moon Kebab,moonkebab.pl,510562648,Daszyńskiego,62,Trzebnica,55-100,4.6,25
Tostruck Burgery&Tościory,,501 866 593,Maślicka,216,Wrocław,54-104,4.4,248
Masala Grill & Bar,masala-grill-bar.pl,691844988,Kuźnicza,3,Wrocław,50-138,3.9,246
Il Mio,,884 818 515,Grawerska,13B,Wrocław,51-180,4.5,170
Sushi Kushi,,575600668,Horbaczewskiego,57a,Wrocław,54-130,4.5,2196
Döner House,,780023309,Szałwiowa,23,Wrocław,51-180,4.1,17
Pizzeria Wrocław Nocą Północ,,534 695 838,Macedońska,41,Wrocław,51-113,4.7,68
Coś Dobrego,cosdobrego-wroclaw.pl,531044840,Komandorska,66,Wrocław,53-343,4.7,1280
Maharaja Indian Restaurant,,511365829,Kołłątaja,22/1a,Wrocław,50-002,4.3,146
NEOBAB,,785988880,Mikołaja Reja,LU1,Wrocław,50-354,4.1,130
Sofa Lounge & Restaurant,sofaloungerestaurantwroclaw.pl,600289910,Ignacego Paderewskiego,35,Wrocław,51-612,4.1,138
Maiko Sushi,,722770770,Zakładowa,20F/1,Wrocław,50-231,3.9,132
Slice Of Heaven Noc,,717374444,Sępa-Szarzyńskiego,71,Wrocław,50-334,4.8,112
Nasza Pasza,naszapasza-wroclaw.pl,661733373,Okulickiego,10,Wrocław,51-216,4.5,243
Misa Hindusa,,728933013,Piotra Skargi,22/1,Wrocław,50-082,4.5,146
My Friend Kebab,,789 076 590,Leopolda Okulickiego,13,Wrocław,51-216,4.6,66
Bar Wietnamski,,729467569,Królewska,40,Wrocław,51-200,4.7,230
FOODHUB SUSHI,,790 307 309,Sokolnicza,7-17/26,Wrocław,53-676,3.9,16
Pizza Bunga,,513741320,Bulwar Dedala,18b,Wrocław,54-130,4.7,4732
Pizzeria Marco,pizzeriamarcowroclaw.pl,713303466,Żeromskiego,60 lok 3,Wrocław,50-312,4.6,13883
Pizza Station,,713648524,Wrocławska,52,Długołęka,55-095,4.4,3088
Petra Gyros,,713511566,Legnicka,72,Wrocław,54-206,4.5,6416
Abradable,,782870793,Kołłątaja,26,Wrocław,50-007,4.5,5227
Pizza Bunga Śródmieście,pizzabungabunga.pl,508603460,Rydygiera,34,Wrocław,50-249,4.8,6176
Fromilia Domowe Smaki,,713925983,Poświęcka,17,Wrocław,51-128,4.6,733
Himalaya Restaurant & Bar,himalayarestaurantbar.pl,666874840,Gajowa,41a,Wrocław,50-520,4.8,2164
Ha Noi,,733 270 378,Parnickiego,1,Wrocław,51-116,4.7,4212
Lubczyk & Basilia,lubczykbasilia.pl,71-785-99-59,Tęczowa,22,Wrocław,53-602,4,207
Sunrise Sushi,sunrisesushi-wroclaw.pl,537309131,Słowiańska,13,Wrocław,50-235,3.8,411
Mr. Pepperoni,mrpepperoni-wroclaw.pl,570250973,Kromera,27,Wrocław,51-163,4.2,329
Zytomyr.Bar,zytomyrbar.pl,713263848,Zatorska,60A,Wrocław,51-215,4.2,331
Pizzeria Muzyczna Nocą,,518 468 466,Tęczowa,57,Wrocław,52-007,4.5,186
The Indian Island,,733423100,Św. Jadwigi,10/1a,Wrocław,50-266,4.7,606
Sushi Planet,,511 613 197,Ruska,10,Wrocław,50-079,4.2,77
Primo Gastro,,504 015 886,Wrocławska,35,Kiełczów,55-093,4.6,173
Na Wolnym Ogniu,nawolnymogniu.pl,531177220,Kiełczowska,64c,Wrocław,51-315,4.5,468
Hoshi Sushi,hoshi-sushi.pl,537093993,Strzegomska,3b-3c/6u,Wrocław,53-611,5,1002
Kotlet Schabowy,,717070808,Komuny Paryskiej,10,Wrocław,50-451,4.4,596
Sultan Oriental,,789 477 123,Waniliowa,32,Wrocław,51-180,5,182
Sushi Spot,sushi-spot.pl,534300017,Legnicka,57g,Wrocław,54-203,4.6,770
Chwila Moment Coffee & Food,,577 123 500,Sołtysowicka,15B,Wrocław,51-168,4.7,11
Pizza Bunga,,538484000,Gazowa,88,Wrocław,50-513,4.4,320
Ha-noi,ha-noi-wroclaw.pl,576035166,Piastowska,19,Wrocław,50-361,4.9,3847
SUSHIPAK WRO,,787061333,Żeromskiego,60,Wrocław,50-312,4.7,439
Koi Sushi Box,,515 555 660,Wilanowska,67a/1b,Wrocław,51-206,4.7,20
Pizza & Burger Factory,pizza-burger-factory.pl,570748748,Kiełczowska,51C,Wrocław,51-315,4.5,1827
Express Pizza - Ta prostokątna,,795626262,Krzywoustego,312A/12,Wrocław,51-312,4.8,333
Ararat Kuchnia Kaukaska,,504 339 999,Obornicka,70,Wrocław,51-112,4.9,468
Pizzeria Taormina Januszowicka,pizzeria-taormina.pl,713335584,Januszowicka,11 a,Wrocław,53-135,4.2,939
Banh Mi & Pho,banhmiphowroclaw.pl,732 997 777,Piłsudskiego,86a,Wrocław,50-020,4.8,764
Pizza Bunga,,608342942,Inżynierska,27a,Wrocław,53-227,4.6,1584
FOODHUB SUSHI KRZYKI,,790307309,Komandorska,153,Wrocław,53-342,3.4,6
Mam's Kebab Night,,793070933,Bezpieczna,45a,Wrocław,51-114,3.5,14
Punta Rossa Pizza,,509777788,Bolesława Krzywoustego,318,Wrocław,51-312,4.3,18
Party Pizza,,717948188,Pobożnego,23,Wrocław,50-241,4.5,45
Sushi Lab,,882 695 371,Grudziądzka,100,Wrocław,51-165,4.5,11
LOVERS,,71 738 17 25,Słonimskiego,17,Wrocław,50-304,4.3,29
Antalya Kebab,,796 050 984,Sołtysowicka,25b,Wrocław,51-168,4.3,14
Bene Penne,,733836836,Toruńska,2a,Wrocław,51-164,4.4,14
Mania Smaku Krzywoustego,,71 307 12 23,Bolesława Krzywoustego,87b,Wrocław,51-166,4.5,30
It's Tasty,,575739437,Strachocinska,172,Wrocław,51-518,4.2,10
Express Pizza Night - Ta prostokątna,,570424242,Sokolnicza,7/17 pawilon 5,Wrocław,53-676,3.8,314
Parma Night,parma-night.pl,790668888,Ścinawska,1,Wrocław,53-629,4.5,77
Thali Express Wrocławska,,515550898,Wrocławska,2,Kiełczów,55-093,4.9,640
CuFu Sushi & Europe Food,,531 411 095,Chociebuska,9/2,Wrocław,54-433,4.3,41
Imran Kebab,,729684134,Wacława Berenta,68,Wrocław,51-152,3.5,58
Mori Sushi,,531694165,Morawska,19k,Wrocław,52-007,4.4,23
Ha Noi Stacyjna,,786639939,Stacyjna,2,Wrocław,53-613,4.8,4265
Dobra Pizza No 1,dobrapizzano1-wroclaw.pl,713518666,Bulwar Ikara,13-15,Wrocław,54-130,4.4,200
Woo Thai Street Food Grunwaldzka,,71 321 07 07,Grunwaldzka,67,Wrocław,50-357,4,118
Pizza PaPu,pizza-papu.pl,717827169,Robotnicza,72,Wrocław,53-608,4.8,2222
Duży Pokój,,883687202,Szybowcowa,19,Wrocław,54-130,4.6,935
Woo Thai Street Food Hubska,,71 321 07 07,Hubska,74B,Wrocław,50-501,4.3,5073
Pizzeria Muzyczna,,669631187,Jedności Narodowej,122a,Wrocław,50-301,4.8,17041
Pizza Station,,713525644,Obornicka,64,Wrocław,51-114,4.6,9140
Da Grasso,,504916614,Czajkowskiego,63/1a,Wrocław,51-171,4,1456
Pizzeria Roma,pizzeriaroma-wroclaw.pl,713442408,Kołłątaja,29/30,Wrocław,50-004,4.6,2523
Ozima,,713388585,Piesza,8,Wrocław,51-109,4.3,1896
Bez Lukru Kuchnia Vegańska,bezlukrukuchniaveganska.pl,531026261,Igielna,14,Wrocław,50-117,4.2,453
Pizzamobile,,793 404 540,Bajana,1,Wrocław,54-129,4.6,141
Pizzeria Muzyczna,pizzeriamuzycznawroclaw.pl,500516416,Bulwar Dedala,7a,Wrocław,54-130,4.4,1210
Restauracja Czerwona Cebula,restauracja-czerwona-cebula-wroclaw.pl,717944592,Kromera,2,Wrocław,51-163,4.2,109
Telepizza,,713214145,Drobnera,32,Wrocław,50-257,3.3,281
Express Pizza - Ta Prostokątna,,570383838,Plac Powstańców Wielkopolskich,2/1U,Wrocław,50-232,4.2,1253
Smak Sahary,smak-sahary.pl,575613444,Szybowcowa,24,Wrocław,54-130,4.4,2850
Ha Noi,,788853371,Bujwida,20,Wrocław,50-368,4.9,2971
Pro Pizza,,796 088 512,Karola Miarki,14/LU1,Wrocław,50-306,4.2,54
Sushi vs Pizza Wro,,536412112,Szwedzka,17C,Wrocław,54-401,4.5,71
Nocne Gastro,nocne-gastro.pl,537774147,Bogusławskiego,17A,Wrocław,50-023,4.1,1194
Don Dessert,,789 497 533,Polaka,12/1B,Wrocław,50-379,4.8,44
Bar Smacznego,bar-smacznego.pl,717371112,Kościuszki,198s/3,Wrocław,50-437,3.8,91
Orientuj się,orientuj-sie.pl,500656556,Św. Mikołaja,14,Wrocław,50-128,4.3,576
Taqueria Papi Chulo,,733471116,Grunwaldzka,67,Wrocław,50-357,3.5,19
Sushi:Sushi Cafe,sushisushicafewroclaw.pl,728458248,Romana Dmowskiego,13/U6,Wrocław,50-001,4.6,57
La Vida Lokal,,516310181,Nowowiejska,71/1B,Wrocław,50-315,4.8,363
Woo Thai Street Food Strzegomska,,518 809 300,Strzegomska,208,Wrocław,54-432,4.4,264
Slice Of Heaven,,735 145 625,Sępa-Szarzyńskiego,71,Wrocław,50-334,4.9,2428
Złoty Smok,zloty-smok-wroclaw.pl,885498486,Strzegomska,206,Wrocław,54-432,4.5,488
Alanya Kebab,alanyakebab.pl,516402200,Strzegomska,200,Wrocław,54-432,4,240
PizzaFossa,,510876069,pl. Jana Pawła II,-,Wrocław,50-043,4.1,734
Pizzeria Simon,pizzeriasimonwroclaw.pl,713945642,Jugosłowiańska,65a,Wrocław,51-112,4.5,209
Pizzeria 105 Stopiątka,,572346105,Nowowiejska,25a,Wrocław,50-314,4.4,1598
KFC,,713861817,Żmigrodzka,105/117,Wrocław,51-130,2.5,104
Mam's Kebab,mams-kebab.pl,793 070 933,Bezpieczna,45a,Wrocław,51-114,3.5,78
Restauracja Akropolis,restauracjaakropolis.pl,713435617,Rynek,20/21,Wrocław,50-101,4.2,606
SushiTU Architektów,sushituarchitektow.pl,570 912 033,Architektów,4b,Wrocław,54-115,4.2,197
Pan Gruzin,,792517533,Trzebnicka,64,Wrocław,50-231,3.9,22
SushiTU Brucknera,,537 577 477,Brucknera,24-26,Wrocław,51-411,4.5,153
Ohh!! Sushi & Grill,,713500368,Legnicka,58,Wrocław,54-204,4.5,172
Thali Restauracja Indyjska Jedności Narodowej,thali-jednosci-narodowej.pl,727870333,Jedności Narodowej,161,Wrocław,50-309,4.6,1403
Świat Pizzy Kamieńskiego,swiat-pizzy-kamienskiego.pl,511760870,Kamieńskiego,100,Wrocław,51-124,4.8,842
Pizzeria 105 Stopiątka,,516105500,Bulwar Ikara,15,Wrocław,54-130,4.3,303
Bar Pyza,,713253230,Zawalna,5a,Wrocław,51-118,4.3,1118
Robin Bar Nocą,,539320297,Ruska,51B,Wrocław,50-079,0,0
Bar Smacznego Wrocław,,717371112,Trzebnicka,58A,Wrocław,50-231,4.5,226
Pan Naleśnik,,48692538022,Komandorska 66,-,Wrocław,53-342,4.4,27
WonderBowl,,578424704,Niedźwiedzia,1,Wrocław,54-232,4.9,103
Papa Johns Wrocław Nowowiejska,,791 437 179,Nowowiejska,126,Wrocław,50-340,4.7,68
Coś Dobrego Niedźwiedzia,,690044840,Niedźwiedzia,1,Wrocław,54-203,4.9,214
Pasibus,,502 527 934,Zakładowa,2-4 lok.B17,Wrocław,50-231,2.5,17
Corner Bistro,,510473787,Pochyła,13,Wrocław,53-512,4.6,24
Renegat Bakery,,578158644,Buczacka,6/1a,Wrocław,54-611,0,0
Mania Smaku Racławicka,,713 077 575,Racławicka,13,Wrocław,53-110,4.2,49
Antalya Kebab,,600071473,Bałtycka,11,Wrocław,51-109,4.5,10
Pizzeria Muzyczna Pod Księżycem,,500 516 416,Bulwar Dedala,7a,Wrocław,54-130,3.3,74
SUSHI STUDIO,,884809855,Jedności Narodowej,159,Wrocław,50-303,0,0
Pizza Lidis,,608831180,Kwiska,11A,Wrocław,54-210,4.8,24
Black & Yellow,,791329106,Niedźwiedzia,1,Wrocław,54-232,4.7,136
Pizzeria Czeski Pub,,717939476,Popowicka,28,Wrocław,54-237,4.7,24
Czarna Perła - Kraftowy Kebab,,577 139 177,Czeska,36,Wrocław,51-111,4.2,41
KingKong thai food,,535583082,Horbaczewskiego,57a,Wrocław,54-130,2.1,3
PizzaFossa,,573 448 391,Dokerska,3,Wrocław,54-142,4.2,44
Pasibus,,516 549 059,Bolesława Krzywoustego,126,Wrocław,51-421,2.6,23
Spacowane,,48794134044,Kromera,27a,Wrocław,51-163,4.7,168
Istambul Kebab,,536953329,Grabiszyńska,240/1,Wrocław,53-235,3,3
Mania Smaku Legnicka,,730 757 577,Legnicka,57/s,Wrocław,54-203,4.3,29
Smaki Orientu,,531156415,1 Maja,64,Wałbrzych,58-300,4.5,184
A'Propos,,606 782 694,Wieniawskiego,82,Wałbrzych,58-309,4.1,76
Chata Dzika,,669717717,Sportowa,2,Boguszów-Gorce,58-372,0,0
Zati Kebab,,796 263 878,Wałbrzyska,8A/6,Boguszów-Gorce,58-370,4,43
Green Food,,573954984,Nowy Świat,1A,Wałbrzych,58-300,4.3,91
Kebab Inn,,664351973,Długa,5A,Wałbrzych,58-309,4.7,160
Ha noi,,793688688,Hetmańska,5G,Wałbrzych,58-316,4.3,48
Bar Wietnam,,666 662 815,Główna,8,Wałbrzych,58-309,4.4,108
Magia Smaku,,574860333,Armii Krajowej,26A,Wałbrzych,57-301,4.1,13
Jungle Kuchnia Azjatycka,,732523001,Rynek,23,Świdnica,58-100,4.3,148
Botan Kebab,botan-kebab-swiebodzice.pl,799 065 425,Henryka Sienkiewicza,15,Świebodzice,58-160,4.8,175
Da Grasso,,748514065,Zamkowa,9,Świdnica,58-100,3.7,1134
Da Grasso,,748431078,Dunikowskiego,20,Wałbrzych,58-309,4.4,1080
Happy Day 2,,661311661,Andrzeja Wajdy,1,Wałbrzych,58-300,4.4,2085
Da Grasso,,746631927,Rycerska,1,Wałbrzych,58-300,3.9,879
Koku Sushi,,577525009,Rynek,21,Wałbrzych,58-300,4.7,289
TwojaPizzeria,twojapizzeria-walbrzych.pl,536700148,Wańkowicza,18a,Wałbrzych,58-304,4.8,543
Złota Stacja,zlotastacja-walbrzych.pl,748470775,Rycerska,1,Wałbrzych,58-300,4.2,230
Pizzeria Barman,,536473475,Piłsudskiego,21,Wałbrzych,58-301,3.9,1780
Pizzeria Pomodoro,,726 007 666,Gen. Władysława Andersa,82,Wałbrzych,58-304,4.8,30
Frentzza - Pizza & Friends- Wałbrzych,,732 067 016,Rynek,12,Wałbrzych,58-300,5,30
Zati Kebab,,731569605,Rynek,10,Walbrzych,58-300,3.9,10
Włoska Nonna,,786 994 232,Sienkiewicza,16,Jedlina-Zdrój,58-330,4.6,3
Algerino Kebab II,,724222441,Gdańska,1,Wałbrzych,58-300,4.7,30
Pasta,,504798870,Rycerska,1/2,Wałbrzych,58-300,4.3,29
Veganka,,501 866 121,Rycerska,1,Wałbrzych,58-302,4.3,11
PIASKOWNICA - Burger & Pizza,,746656555,Władysława Broniewskiego,65D,Wałbrzych,58-309,4.5,797
Koku Sushi,,577 525 006,Solicka,6,Szczawno-Zdrój,58-316,4.6,84
Krokiecik,,577353744,Rynek,11/1,Brzeg Dolny,56-120,5,13
Komu Sushi,,500 526 543,Stabłowicka,120,Wrocław,54-062,4.9,63
Biesiadowo,,509615509,Ludwika Solskiego,6,Wrocław,52-438,4.7,720
Portofino,,500508508,Zwycięska,45,Wrocław,53-033,4.4,36
Solleim,,537 243 809,Makowa,12,Bielany Wrocławskie,55-040,4.8,229
Pizza Express Pizza & Gyros,pizzaexpresspizzagyros.pl,717864140,Wesoła,2/1A,Wrocław,50-535,4.7,3080
Gruby Benek,,516505150,Przyjaźni,20,Wrocław,53-030,4.1,419
Pizzeria Mattina,,538965532,Poranna,25b,Wrocław,53-026,4.9,995
Koło Pieca - Krzycka,,518765339,Krzycka,83,Wrocław,53-030,4.7,290
Pizza Store & Cookies,,570429994,Pawia,44,Wrocław,52-235,4.3,167
Seafood Bar&Market Solskiego,,535 427 000,Ludwika Solskiego,6,Wrocław,52-416,4.9,125
Pizzeria Wypieczona,,795332170,Orzechowa,2a/30,Wrocław,50-540,5,446
Halima Kebab,halimakebab-bielanywroclawskie.pl,533 035 611,Wrocławska,37,Bielany Wrocławskie,55-040,4.5,105
Pizzeria Muzyczna,,518 468 466,Tęczowa,57,Wrocław,52-007,4.5,220
Kebzone,,504 400 663,Malinowa,10A,Wysoka,52-200,4.2,52
Sevi Kebab,,663 616 371,Czekoladowa,5-22,Wrocław,55-040,2.8,3
Pizza Station,,717903366,Grabiszyńska,66E,Wrocław,53-504,4.2,8683
Kofuku Sushi Shop & Bistro,,535206060,Powstańców Śląskich,73-95,Wrocław,53-332,4.4,817
I Love Sushi,,517457570,Strońska,9/16,Wrocław,50-540,4.9,803
Pizzeria Capratti,,713336868,Czekoladowa,43,Wrocław,52-326,4.6,3100
Elif Kebab & Pizza,elifkebabpizza.pl,576215339,Francuska,6,Bielany Wrocławskie,55-040,4.4,99
Pizzeria Pi,,717801044,Zwycięska,14F/3,Wrocław,52-208,5,113
Pycha Micha,,668664580,al. Karkonoska,10,Wrocław,53-015,4.5,331
Pizza Time,,717373737,Skarbowców,81A,Wrocław,53-019,4.8,1225
Beef Burger,,717159131,Zwycięska,14 ce/ A,Wrocław,53-033,4.5,189
Domino's Pizza,,716613003,Zwycięska,33,Wrocław,53-033,4,418
Koi Sushi Bar Zwycięska,koisushibarzwycieska.pl,717159119,Zwycięska,14d/1b,Wrocław,53-033,4.9,262
Express Pizza - Ta prostokątna!,,733747474,Krzycka,90i/U2,Wrocław,53-020,4.5,426
Sushi Lovers Tarnogaj,sushi-lovers-tarnogaj-wroclaw.pl,717162225,Nyska,62c,Wrocław,50-505,4.7,139
MOMOKO,momoko-sushi.pl,533202900,Rymarska,22B,Wrocław,53-206,4.6,762
Nienażarty,,736 907 944,Wincentego Witosa,2,Kobierzyce,55-040,4.9,25
Pho Viet,phoviet.pl,666643666,Tyniecka,3,Bielany Wrocławskie,55-040,4.7,414
Sunrise Sushi Huby,sunrise-sushi-huby-wroclaw.pl,537 309 131,Hubska,123A,Wrocław,50-501,3.8,226
Sushi Lovers Fabryczna,,717162228,Mińska,58d,Wrocław,54-610,4.7,115
I Love Sushi,,664111237,Grabiszyńska,214,Wrocław,53-235,4.4,391
Smasz Burger,,501151707,Czekoladowa,5-22,Wrocław,55-040,4.9,16
Lazy Boyz Asian Street Food 2.0,,504400663,Malinowa,10,Wysoka,52-200,4.7,75
Hoshi Sushi Jagodno,hoshisushijagodnowroclaw.pl,739219218,Sarnia,2,Wrocław,52-121,4.7,351
Dashi Sushi,dashi-sushi-katy-wroclawskie.pl,537511611,Rynek,33B,Kąty Wrocławskie,55-080,4.9,11
Restauracja Kameralna,restauracjatuberoza-wroclaw.pl,503 149 005,Zwycięska,14 cb/B,Wrocław,53-033,4.4,189
Rock Burger,rockburger.pl,531 029 340,Klimasa,37D/1,Wrocław,50-515,4.8,674
Koko Bistro,kokobistro.pl,501117777,Skarbowców,121B,Wrocław,53-025,4.4,487
Pyszne u Jasi,,794 536 952,Powstańców Śląskich,154B,Wrocław,53-315,4.2,103
American Sushi Krzyki Gaj,,733 977 880,Świeradowska,49a,Wrocław,50-540,3.9,59
PizzeriaWrocławNocą,pizzeriawroclawnoca.pl,509921320,Żwirki i Wigury,5/3a,Wrocław,54-621,4.9,1128
66 American Burger,66-american-burger.pl,507465455,Słoneczna,1,Smolec,55-080,4.3,130
Kebab Hut,,717993004,Tyniecka,4,Bielany Wrocławskie,55-040,3.8,55
Dobry Adres,dobryadres-wroclaw.pl,576949980,Cukrowa,1F,Wrocław,52-316,4.4,530
Zwycięska 9,zwycieska9.pl,717691594,Zwycięska,9-23/16,Wrocław,53-034,3.3,398
PILAPOLI,pizzapastabypilawskidwor.pl,717116906,Piława,44,Piława,55-081,4.5,101
Pizza Dal Forno,,884311764,Boczna,4,Bielany Wrocławskie,55-040,4.1,24
Papa Johns,,791437179,Gliniana,14,Wrocław,50-525,4.2,1040
Farsz i Mąka,,733777634,Buraczana,2C,Wrocław,52-311,4.8,4
Pizzeria 105 Stopiątka,,724105400,Armii Krajowej,8B,Wrocław,50-541,4.6,3404
NARU,,514 734 702,Krzycka,1B,Wrocław,53-019,5,8
YAKYMO SUSHI,,726153208,Cukrowa,13/19,Wrocław,52-316,4.8,12
Ha - Long Ostrowskiego,,713390087,Ostrowskiego,1,Wrocław,53-238,4.8,1370
Kebab King,,223163737,Zwycięska,9-23/10,Wrocław,53-033,3.9,126
AMMO SUSHI&WOK,,717205555,Skarbowców,64/1A,Wrocław,53-025,4.5,34
Amici Pasta,,787275534,Buforowa,100,Wrocław,52-131,4.7,11
Tre Padrone,,71 715 10 55,Świdnicka,3A,Tyniec Mały,55-040,4.6,14
Tomi Kebab,,713119549,Kątecka,71A,Gniechowice,55-080,4,17
Sushi Senpai Express,,515 387 005,Orzechowa,2A/14,Wrocław,50-540,4,5
Hamsa Grill & Kebab,,668 153 773,Zasłuczańska,4,Żerniki Wrocławskie,55-011,4.2,21
Bafra Kebab,,791 175 493,Wrocławska,22a,Bielany Wrocławskie,55-040,4.3,57
Szarpane 2.0,,577 023 745,Wietrzna,24,Wrocław,53-024,4.7,26
Pizzeria Pi,,71 335 88 02,Skarbowców,101B,Wrocław,53-025,4.8,69
Pizzeria Muzyczna Pod Gwiazdami,,789184419,Klimasa,37b/3,Wrocław,50-515,4.3,22
Maiko Sushi Jagodno,,798770770,Kajdasza,44,Wrocław,52-234,4.1,45
Holy Pizza,,519403304,Zwycięska,14E/3A,Wrocław,53-033,4.9,58
Tito Kebab,,48601160860,Konstytucji 3 Maja,11,Borów,57-160,4.2,5
Kebab Express,,536 965 192,Powstańców Śląskich,219,Wrocław,53-140,3.1,3
K&B Bistro,,730383459,Życzliwa,8,Wrocław,53-030,0,0
So Orient,,71 363 40 67,Morelowskiego,125a,Wrocław,52-429,4.6,12
Izmir Kebab,,781485426,Orzechowa,2A,Wrocław,50-540,4,58
Kebab Grill,,536 965 192,Powstańców Śląskich,154C,Wrocław,53-029,1.9,3
Pizzeria Pempele,,504 035 229,Piławska,17A,Wrocław,50-538,4.7,9
Medina Kebab,,534048081,Świdnicka,10,Tyniec Mały,55-040,0,0
Sushi Time,,731102977,Widna,1,Wrocław,50-543,4.9,114
Sofii Sushi,,575739438,Krynicka,1/4a,Wrocław,50-541,4.8,11
Czaku Bistro,czaku-bistro.pl,601742181,Bolesława Krzywoustego,315,Wrocław,51-310,4.7,175
"Cillox ""a premium kebab""",,729431979,Bolesława Krzywoustego,320,Wrocław,51-312,4.3,28
Pizzeria Il Basilico,,790400430,Poleska,9,Wrocław,51-315,4.6,135
Baparo Pizzeria,baparo-pizzeria.pl,717255402,Okulickiego,19a,Wrocław,51-215,4.2,428
Sushi Kushi,,690208626,Bolesława Krzywoustego,307,Wrocław,51-310,4.2,465
Obiady na Zakrzowie,obiadynazakrzowie.pl,881913113,Okulickiego,19A/1A,Wrocław,51-215,4.5,606
Pizzeria Muzyczna,,500167770,Oleska,7,Wrocław,51-215,4.9,644
Panda Sushi,,713074567,Norwida,32/1,Wrocław,50-375,4.3,772
SPEED Obiady Domowe,speed-gotoweobiady.pl,782521515,Kiełczowska,64C,Wrocław,51-354,4.6,307
Pizzeria Zielona Oliwka,pizzeria-zielona-oliwka.pl,885045400,Rzeczna,58,Kiełczów,55-093,4.8,114
Izakaya Sushi,,886726622,Agrestowa,20G,Kiełczów,55-093,4.5,411
Restauracja Zielona Oliwka,restauracjazielonaoliwka.pl,785155800,Rzeczna,58,Kiełczów,55-098,4.5,129
Punkt G,,578972582,Wilczycka,13,Kiełczów,55-093,4.6,132
Antalya Kebab Doner,antalyakebabdoner.pl,789293740,Kiełczowska,70,Wrocław,51-354,4.6,345
Doner Kebab,,794 712 477,Szkolna,2,Kiełczów,55-093,3.7,6
Oto Naleśniki,,790400430,Poleska,9,Wrocław,51-317,4.4,29
Pizzeria Da Armando,,883620888,Kiełczowska,67A,Wrocław,51-315,4.4,34
Namaste Gorkha,,510 610 438,Vespucciego,10A,Wrocław,51-505,4.9,67
Pizzeria Il Basilico,pizzeriailbasilico.pl,530777430,Jurija Gagarina,5,Wrocław,54-620,4.7,620
PIZZU,pizzuexprojektplacek.pl,791119999,Rogowska,54b,Wrocław,54-438,4.6,940
Kofuku Sushi Smolec,,883736060,Modrzewiowa,1,Smolec,55-080,4.9,39
Pierogarnia Kubiel,,713645510,Solskiego,28,Wrocław,52-416,4.7,932
Kebab Dyktator,kebabdyktator.pl,511131471,Średzka,15,Wrocław,54-001,4.6,1986
Sphinx,,509684437,Graniczna,2a,Wrocław,54-610,4,611
Koi Sushi Stanisławowska,,514028155,Stanisławowska,51,Wrocław,64-611,4.5,221
Sapori Italiani,,883 271 104,Graniczna,2A,Wrocław,54-610,0,0
San Lorenzo,sanlorenzo.pl,537107454,Granitowa,4,Smolec,55-080,4.7,333
Pizza Time,,797779699,Szwedzka,5B,Wrocław,54-401,4.8,515
Pumba- Naleśniki & Pancakes,,796667171,Strzegomska,194,Wrocław,54-432,4.8,207
Domino's Pizza,,716613004,Jurija Gagarina,27,Wrocław,54-620,4.2,395
Slice of Heaven Noc,,735145635,Bulwar Ikara,27,Wrocław,54-130,5,3082
Pizza Koncept,,797 107 664,Marka Hłaski,67b,Wrocław,54-608,4.6,70
Mińska38,minska38wroclaw.pl,517 138 737,Mińska,38,Wrocław,54-610,3.7,318
Pan Gruzin,,883463954,Strzegomska,200/5,Wrocław,54-432,4.2,104
Antalya Kebab,,737 811 029,Mińska,58,Wrocław,54-610,3.8,39
So! Coffee,,224698853,Graniczna,2a,Wrocław,54-610,5,8
Tenis Planet,tenisplanet.pl,510400616,Śliwkowa,134,Smolec,55-080,4.1,473
Pasibus,,739906160,Graniczna,2,Wrocław,54-610,4.1,275
Tessitore,,730204024,Strachowicka,8b,Wrocław,54-512,4.6,2016
Pizza Truck 25 cm,,733322117,Domasławska,36,Wrocław,54-310,4.9,41
Babylon,,713737847,Szkocka,42,Wrocław,54-402,4.7,1020
Express Pizza - Ta prostokątna!,,570 727 272,K.M. Barskich,9,Wrocław,54-115,4.8,85
giv me Chinkali,,530777430,Jurija Gagarina,5/1,Wrocław,54-620,4.7,30
The Burgers,,509684437,Graniczna,2a,Wrocław,54-610,3,9
Varf Naleśniki & Zapiekanki,,725572792,Mińska,58a,Wrocław,54-610,4.4,6
SUSHI AND MORE,,881 187 871,Strzegomska,272,Wrocław,53-611,4.1,30
Ma Dzik Pizza,,48577343100,Strzegomska,194,Wrocław,54-432,4.6,58
Esencja Sushi & Orient,,733099733,Średzka,21/1A,Wrocław,54-001,4.3,26
Casa Con Pizza,,570678613,Krzemieniecka,53,Wrocław,54-613,4.2,27
BISTRO BLACK 13,uemilki-wroclaw.pl,502012860,Marka Hłaski,25A,Wrocław,54-608,4.6,49
Nomash Get Pizza & Gyros,,780090835,Rynek,12,Kąty Wrocławskie,55-080,5,3
Punkt G,,793 310 641,Szkolna,5,Dobrzykowice,55-002,4.7,117
Złoty Smok 1,,732698666,Marcelego Bacciarellego,20,Wrocław,51-649,4.4,175
Manufaktura Ramen,,721505600,Wrocławska,35A,Kiełczów,55-093,4.3,33
Giro Pizza,,609010806,Krakowska,182,Wrocław,52-015,4.3,393
Koło Pieca,,518765339,Buforowa,100,Wrocław,52-116,4.7,444
POSZARPANI,poszarpaniiwiny.pl,511 796 511,Świętego Jacka,177a,Iwiny,52-116,4.4,54
Imran Döner Premium,,698023018,Piłsudskiego,106,Wrocław,50-029,3.3,112
Take Pizza,,514540474,Zasłuczańska,4,Żerniki Wrocławskie,52-215,4.6,142
Chingu Korean street food - Ferio Gaj,,792791711,Świeradowska,51/57,Wrocław,50-559,4.4,56
Jadalnia,,717568525,Piławska,18,Wrocław,50-570,4.5,9346
Pierogarnia,,713368115,al. Armii Krajowej,2/2,Wrocław,50-541,4,3124
Pizzeria Muzyczna,pizzeriamuzyczna-wroclaw.pl,789184419,Klimasa,37b/3,Wrocław,50-515,3.7,962
PickUp Burger,,782372677,Vivaldiego,32,Wrocław,52-129,4.8,418
Restauracja Palce Lizać,restauracja-palce-lizac.pl,607886644,Ciepłownicza,24e,Siechnice,55-011,3.7,102
Pan Smak,pansmak.pl,577235775,Grota-Roweckiego,75/79,Wrocław,52-232,4.6,547
Borowska Kebab,,530855861,Borowska,103,Wrocław,50-551,3.4,49
Świat Pizzy,swiatpizzy-wroclaw.pl,730771275,Armii Krajowej,14c/1,Wrocław,50-541,4.9,1424
Pizzeria Bube Krakowska,,660875389,Krakowska,41B/U06A,Wrocław,50-424,4.3,230
Ajvar,ajvariwiny.pl,511796511,Św. Jacka,177,Iwiny,52-116,4,104
Caravana,caravanawroclaw.pl,575 693 456,Buforowa,124b,Wrocław,52-116,4.9,219
Bar Micha,barmicha.pl,794919192,Zasłuczańska,2,Żerniki Wrocławskie,55-010,4.8,177
Pizzeria Pi,,713336456,Antonia Vivaldiego,7A,Wrocław,52-129,4.8,102
Burger na Brochowie,burgernabrochowiewroclaw.pl,728968451,Semaforowa,15,Wrocław,52-115,4.7,180
Petro Gyros,petro-gyros-wroclaw.pl,609556953,Chorzowska,14/1b,Wrocław,52-023,3.9,50
Koi Sushi Bar Siemianowicka,koisushibarsiemianowicka.pl,717150191,Siemianowicka,9b,Wrocław,52-007,4.8,175
Twoje Bistro,twojebistro.pl,506359590,Międzyleska,4,Wrocław,50-514,4.8,83
Family Kebab&Pizza,elifkebabpizzakrakowskawroclaw.pl,796 397 273,Krakowska,51-69/13,Wrocław,50-438,3.4,10
Restauracja Stodoła,,720102000,Sarnia,2,Wrocław,52-129,4.2,493
Pasibus,,690409472,Świeradowska,51/57,Wrocław,50-559,3.9,495
Toco Poke,,48539862737,Gazowa,88a,Wrocław,50-513,4.2,47
Fresh Kebab,,575 500 015,Buforowa,100,Wrocław,55-010,4.1,94
Bar Pora Obiadowa,,881 484 993,Jabłeczna,27,Wrocław,50-539,4.4,3
Antalya Kebab,,795 050 984,Parkowa,5,Łany,55-033,3,3
Ale kurcze kebab,,535 760 588,Sarnia,4,Wrocław,55-010,0,0
Pomojemu,,794157800,Orzechowa,2a/20,Wrocław,50-540,4.6,41
Moon Kebab Borowska,,726390858,Borowska,114A,Wrocław,50-052,4.1,18
Suszarnia Wrocław Hubska,,690456344,Hubska,74A,Wrocław,50-502,4.7,83
BROpizza,,48883450699,Wielka,2 C,Wrocław,53-339,4.7,61
Ha Noi,,502 868 747,Koreańska,2A,Wrocław,55-010,4.9,206
Mido Kebab,,48728396443,Orzechowa,2A/25,Wrocław,50-540,3.5,4
House of Pizza,,506 859 559,Widna,5,Wrocław,50-543,4.9,12
Centrum Gastronomiczne Margaret po rewolucjach,,717299777,Krakowska,141-155,Wrocław,50-428,4.3,33
VIKTORIIA Gastronomija,,884939597,Orzechowa,2a paw.21,Wrocław,50-540,4,10
PGR Bar Food & Drinks,,510255311,Wrocławska,193,Kamieniec Wrocławski,55-002,4.6,30
Pizza od Przyjaciele i Znajomi,pizzagrunwaldzkawroclaw.pl,713945438,Grunwaldzka,98,Wrocław,50-357,4.4,751
Ha Noi,,571373888,Grochowa,8,Wrocław,53-424,4.9,9242
Curry Karma,,739038920,Strońska,6a,Wrocław,50-540,4.7,2007
SushiTU Armii Krajowej,,574762240,al. Armii Krajowej,8B/2,Wrocław,50-541,4.6,823
Ryż i Nori,,730992346,Prądzyńskiego,24a,Wrocław,50-434,4.7,140
Restauracja Kuchnia Obfitości,restauracjakuchniaobfitosci-wroclaw.pl,534 804 445,Marcelego Bacciarellego,20/24C,Wrocław,51-662,4.4,70
Pizza Station,,713455050,Dembowskiego,63,Wrocław,51-669,4.4,4001
Express Pizza - Ta prostokątna,,570363636,Olszewskiego,140,Wrocław,51-648,4.7,2536
Pętla Biskupin,petlabiskupin.pl,713478181,Karola Olszewskiego,128,Wrocław,51-648,4.4,554
Monster Cook,,666020272,Szymona Konarskiego,2,Wrocław,51-685,4.8,1183
Czarna Trufla Pizza & Pasta,czarna-trufla-pizza-pasta.pl,534 573 357,Marca Polo,9c,Wrocław,51-504,4.2,191
Pizzeria 2U,,884 334 454,Kamieniecka,13,Wrocław,50-511,4.8,77
Halikarnas Kebab,,739 605 964,Widna,6,Wrocław,50-543,4.6,108
Domowe Smaki,domowesmaki-siechnice.pl,796379107,Jana Pawła II,27A,Siechnice,55-011,4.7,76
Ramen & Izumi Sushi,,666319888,Sucha,1,Wrocław,50-086,4,663
HulThai,hulthai.pl,574112224,Strońska,1,Wrocław,50-001,4.7,868
Ha Long,,733838384,Krasińskiego,48,Wrocław,50-450,4.8,2126
Domino's Pizza,,716613055,Świeradowska,51/53,Wrocław,50-559,3.5,490
Pizza Farina,,717253555,Ignacego Mościckiego,37,Wrocław,52-110,4,589
Ale Kocioł Bistro,alekociolbistro.pl,731310163,Wileńska,24 lokal 3,Wrocław,52-113,4.2,504
Bistro 8 1/2,,792237313,Nyska,61A,Wrocław,50-505,4.9,12
Gyros Hot,,713460955,Traugutta,69/1c,Wrocław,50-417,4.3,2543
Pan Gruzin Hubska,,884 086 008,Hubska,123a,Wrocław,50-501,4.7,593
Bite a Donut Nyska,,515855891,Nyska,99/U1,Wrocław,53-041,4.9,41
Papa Johns Wrocław Night,,791437179,Gliniana,14,Wrocław,50-525,4.1,57
Long Yen,,739682944,Widna,6,Wrocław,50-543,4.9,27
Zaif Kebab,,883621510,Hubska,123A,Wrocław,50-501,4.2,19
Dobro&Dobro Cafe,,883578849,Al. Armii Krajowej,10B/2,Wrocław,50-541,0,0
Aula,,573266446,Sudecka,96,Wrocław,53-129,4.1,89
Brzuchaty Pizza,,884 333 583,Wawrzyniaka,40,Wrocław,53-022,4.9,42
Center Pizza Night,,717806272,Śliczna,22a/8,Wrocław,50-566,4.5,2163
Restauracja Stodoła,,788788322,Krzycka,92 bcd,Wrocław,52-210,4.6,3783
Brother's Pizza,brotherspizzawroclaw.pl,572865656,Orzechowa,2ab/1,Wrocław,50-540,4.5,549
Slice of Heaven,,735145765,Krucza,31A,Wrocław,53-409,5,778
Fabrik Pizza,,506859559,Łódzka,25A,Wrocław,50-521,4.7,593
Slice of Heaven Noc,,735145765,Krucza,31A,Wrocław,53-409,4.8,163
Da Grasso,,789444966,Świeradowska,24,Wrocław,50-559,4.3,90
Fabrik Pizza Night,,506859559,Łódzka,25A,Wrocław,50-521,0,0
Center Pizza,,572865656,Śliczna,22a,Wrocław,50-566,0,0
Brother's Pizza Night,,572865656,Orzechowa,2ab/1,Wrocław,50-540,5,5
Sushi Friends Bar & Resto,,791338297,Marca Polo,9E,Wrocław,51-504,4.9,452
Pasibus,,739906659,Legnicka,58,Wrocław,54-206,3.9,520
Terra Kebab & Pizza,,797595008,Strzegomska,3b/3c lok 4U,Wrocław,53-611,4.8,137
Bite a donut,,515855891,Św. Mikołaja,43/1L,Wrocław,50-128,4.7,130
Bar Smakuś,,502046730,plac Jana Pawła II,,Wrocław,50-136,4.5,488
Koi Sushi Bar Królewiecka,,514028123,Królewiecka,161,Wrocław,54-117,4.7,301
North Fish,,885951128,Legnicka,58,Wrocław,54-204,4.2,45
Prosto z patelni,,570531192,Legnicka,62A,Wrocław,54-206,4.2,188
Sur La Crepe naleśnikarnia,,501134533,Legnicka,58,Wrocław,54-204,4.9,21
Pizzeria Etna,pizzeriaetna.pl,713595969,Sokolnicza,7 lok. 17,Wrocław,53-676,4.3,15405
Manhattan,,713594121,Uniwersytecka,11/12,Wrocław,50-115,3.6,1868
Krówka Bar,,717804022,Tęczowa,22,Wrocław,53-602,0,0
Pizzeria Piekielny Kupiec,pizzeriapiekielnykupiec.pl,600017019,Rynek,46/47,Wrocław,50-116,4.4,966
Ciepła Klucha,,780052226,Niedźwiedzia,1,Wrocław,54-203,5,226
Kame,,791370111,Robotnicza,70j,Wrocław,53-608,4.9,184
Slice Of Heaven,,735145635,Bulwar Ikara,27,Wrocław,54-130,5,1326
Kuchnia Orientalna Kim Long,,515912325,plac Solidarności,1/3/5,Wrocław,53-661,4.3,2091
Burger Ltd,,733281334,Psie Budy,7/9,Wrocław,50-080,4,1638
Pizza Drive,,507701191,Górnicza,49B,Wrocław,54-136,4.5,1131
Pizzeria Bube Hallera,pizzeria-bube.pl,665457540,Hallera,92/1,Wrocław,53-203,4.7,1593
Pizzeria Lido,,713739640,Dziadoszańska,48/50,Wrocław,54-153,4.4,133
Sultan Oriental Tęczowa,,713194858,Tęczowa,20,Wrocław,53-602,4.9,680
Thali Restauracja Indyjska Ruska,thalirestauracjaindyjska.pl,727817771,Ruska,19,Wrocław,50-079,4.9,1847
Pizzeria Bube Antoniego,pizzeriabube.pl,692876165,Antoniego,18-20,Wrocław,50-078,4.8,1738
Naleśniki Babci - Kuchnia Ormiańska,,780147547,Kotlarska,29/1a,Wrocław,50-120,4.5,1001
Frankie's,,503367924,Legnicka,58,Wrocław,54-204,4.3,25
A Nóż Widelec,a-noz-widelec.pl,576552864,Strzegomska,200,Wrocław,54-432,4.6,891
Ali can te,,666204146,Paczkowska,26,Wrocław,50-502,3.3,11
LeSer,,666696988,Wejherowska,19a,Wrocław,54-239,4.5,2349
Sushi Express,,513509749,Legnicka,62,Wrocław,52-204,0,0
Pampa,,535223175,Podwale,19/1a,Wrocław,50-043,5,71
Hex Wrocław,,507 820 294,pl. Orląt Lwowskich,20B,Wrocław,53-605,4.3,12
Casa De Kebab,casa-de-kebab-wroclaw.pl,727 255 266,Dokerska,3,Wrocław,54-142,4.4,1044
Kluska Bar,kluskabarwroclaw.pl,790 271 588,Legnicka,158,Wrocław,54-206,4.2,1349
Summer Taste,,531807055,Legnicka,58,Wrocław,54-204,0,0
Pijalnia Czekolady E.Wedel,,696437045,Legnicka,58,Wrocław,54-204,4.6,18
Zielony Rower Food & Garden,zielonyrowerfoodgardenwroclaw.pl,517161327,Lotnicza,72,Wrocław,54-155,4.8,46
SUSHIdlaMNIE - MAGNOLIA PARK,sushinamoto.pl,518141130,Legnicka,58,Wrocław,54-204,4.6,47
Sultan Oriental,sultan-oriental.pl,511598555,Legnicka,27,Wrocław,53-672,3.9,180
Fancy Pizza,,578000597,Budziszyńska,62/1,Wrocław,54-436,3.6,67
Falla,,733008404,Pl.Orląt Lwowskich,20B,Wrocław,53-605,4.6,189
Salad Story,,578355357,Legnicka,58,Wrocław,54-204,4.2,127
Kuchnia Marche,,665 665 427,Braniborska,14,Wrocław,53-680,4.4,68
Garneczek,,888966651,Legnicka,40,Wrocław,53-674,4.8,69
Mango Mama Rynek,,535653692,Św. Mikołaja,18,Wrocław,50-128,4.5,2184
Pastrami Summer,,605 193 737,Orląt Lwowskich,20B,Wrocław,53-605,4.5,51
Jungle - Kuchnia Azjatycka,,537934000,Strzegomska,197,Wrocław,54-401,4.4,310
FTB Pizza & Pasta,italianofromtheblock.pl,733708709,Wojanowska,64,Wrocław,54-063,5,921
Sushi Kabu Nadodrze,sushi-kabu-wroclaw.pl,791271911,Świętego Macieja,10,Wrocław,50-244,4.5,53
Midway Pizza i Kebab,midway-pizza-i-kebab-wroclaw.pl,579189342,Pereca,2,Wrocław,53-444,4.7,278
Smak Kuchnie Świata,smak-kuchnie-swiata-wroclaw.pl,794 676 364,Dokerska,3,Wrocław,54-142,4.8,121
Express Pizza - Ta prostokątna,expresspizzasokolnicza-taprostokatna.pl,570424242,Sokolnicza 7/17,pawilon 5,Wrocław,53-676,4.3,1086
Wrocławska Pizza Nocą,wroclawskapizzanocawroclaw.pl,730 850 950,Jaworska,7,Wrocław,53-612,4.3,133
Giro Hala Świebodzki,,609010806,plac Orląt Lwowskich,20B,Wrocław,53-605,0,0
Domino's Pizza,,222101616,Bajana,1,Wrocław,54-129,4,535
WrapMe!,,578355357,Legnicka,58,Wrocław,54-204,3.2,3
Bratwursty Legnicka,,799068069,Legnicka,56,Wrocław,54-204,5,3
La Finezze,,717245077,Jelenia,28A,Wrocław,54-242,4.5,2185
Naleśniki Babci - Kuchnia Ormiańska,,502343243,Legnicka,32,Wrocław,53-674,4.6,25
Cortado,,789434771,Góralska,5,Wrocław,53-610,0,0
Saravana's Dosa and Curry,,780176377,Strzegomska,3C/9U,Wrocław,53-611,4.9,28
Felicita,,511656363,Dolnobrzeska,42a,Wrocław,54-072,4.7,46
Ki Sushi,,48690339245,plac Jana Pawła II,19B,Wrocław,50-043,4.6,10
HulThai - Hala Świebodzki,,574632380,plac Orląt Lwowskich,20b,Wrocław,53-605,4.7,11
Mexican Food,,786863785,Rogowska,52A,Wrocław,54-404,4.2,18
Randori Ramen Hala Świebodzki,,667 092 633,plac Orląt Lwowskich,20B,Wrocław,53-605,0,0
Na Wolnym Ogniu Maślicka,,48575471865,Maślicka,169,Wrocław,54-104,4.7,70
Solleim Niedźwiedzia,,798531292,Niedźwiedzia,1,Wrocław,54-232,4.5,25
Palmira,,713569706,Żernicka,209-211,Wrocław,54-438,3.9,17
Najadacze - Vege Kuchnia Świata,,713 445 511,Nożownicza,40,Wrocław,50-147,3.9,10
Mango Mama Magnolia,,793778201,Legnicka,58,Wrocław,54-204,3.9,8
Pumba Pancakes & Naleśniki,,536424409,Kutnowska,2,Wrocław,53-135,4.7,40
Bake Up Hugs,,574553725,plac Jana Pawła II,20,Wrocław,50-043,0,0
7 Zup i Burger,,664374352,Wyspa Tamka,2,Wrocław,50-137,4.2,24
Symfonia smaku,,883640696,Niedźwiedzia,14a,Wrocław,54-233,4.4,77
KFC,,713861478,aleja Jana III Sobieskiego,7,Wrocław,51-301,3.5,140
Pizzeria Mammamia,,717593344,Szanieckiego,68,Wrocław,51-692,5,188
Zapiekaron od Pizza Hut,,713861560,Czekoladowa,1,Bielany Wrocławskie,55-040,3.2,17
KFC,,519193909,Tyniecka,4A,Bielany Wrocławskie,55-040,2.5,132
Pizza Hut,,713861560,Czekoladowa,14,Bielany Wrocławskie,55-040,3.1,90
Burger King,,512423506,Czekoladowa,20,Bielany Wrocławskie,55-040,3.7,158
Le baroque kebab,,577179707,Wrocławska,36,Bielany Wrocławskie,55-040,0,0
Restauracja Dom4You,restauracjadom4you.pl,577 321 231,Turowska,56,Bogatynia,59-916,4.5,46
Restauracja i Hotel Przy Miłej,restauracja-i-hotel-przy-milej.pl,768783966,Al. Miła,1,Złotoryja,59-500,4.8,57
Bistro Syta Micha,bistro-syta-micha-wroclaw.pl,601083591,Główna,146B,Wrocław,54-061,4.4,179
Registan Kebab,,729237772,Średzka,26A,Wrocław,54-017,4.6,484
pan.wok,,789421188,Boguszowka,38B,Wrocław,54-046,4.7,283
Pizzeria Lissa,,713493606,Średzka,25,Wrocław,54-001,4.4,1227
Per Pan Placek,,727 272 760,Stabłowicka,152,Wrocław,54-066,4.3,114
Heavy Meat,,600 943 856,Michała Płońskiego,31/u7,Wrocław,54-002,4.7,603
SeaFood Bar&Market,,576000357,Rynek,23,Świdnica,58-100,3.9,84
Nieziemska Naleśnikarnia,nieziemskanalesnikarniaswidnica.pl,575 704 393,Bohaterów Getta,14-16,Świdnica,58-100,4.7,66
Marrakesz,marrakesz-swidnica.pl,579132929,Westerplatte,29,Świdnica,58-100,4.2,422
Brûlée Bistro,,535444839,Bohaterów Getta,1/1,Świdnica,58-100,4.5,39
Stołówka ZEM,,660739066,Szarych Szeregów,16/18,Świdnica,58-100,4.1,6
Koku Sushi,,535525009,Rynek,38,Świdnica,58-100,4.5,379
Łaźnia,,513 618 868,Pl. Ludowy,5,Świdnica,58-100,4.7,40
Restauracja Sztuka Smaku,,746600077,Aleja Niepodległości,14,Świdnica,58-100,4.6,14
Burger Stacja,burger-stacja.pl,570970851,Długa,54-58,Świdnica,58-100,4.5,789
SushiDlaMnie,,518 414 764,Westerplatte,29,Świdnica,58-100,4.8,19
Kebab Dadi,kebab-dadi-swidnica.pl,690609183,Pułaskiego,20-22,Świdnica,58-100,3.8,134
Pizzeria słodkie pomidory,pizzeria-slodkie-pomidory-swidnica.pl,883607666,Spółdzielcza,2B,Świdnica,58-100,4.4,168
Pierogarnia Pyza,,534 388 999,Ludwika Zamenhofa,42,Świdnica,58-100,4.9,3
Nieziemskie Pierogi,,575704393,Bohaterów Getta,14-16,Świdnica,58-100,4.5,5
Baszta Restaurant&Cocktailbar,,573 004 556,Basztowa,2,Świdnica,58-100,4.8,8
Sulejman Kebab,sulejmankebab-swidnica.pl,533357350,Kazimierza Wielkiego,5,Świdnica,58-100,4.3,33
Moon Kebab,moon-kebab.pl,510 562 664,Rynek,14,Strzegom,58-150,3.9,178
SAI GON Kuchnia wietnamska,,784522586,Jana Kochanowskiego,10,Strzegom,58-150,4.9,130
Hot Chili Pizza,hot-chili-pizza.pl,795622778,Szarych Szeregów,13,Strzegom,58-150,4.1,341
Chili Pizza & Bar,,665030528,Wolności,37,Bielawa,58-260,4.7,600
Ekushe Kebab,ekushekebab.pl,575771242,Osiedle XXV-lecia,28/2,Bielawa,58-260,3.9,49
Restauracja Kameleon,restauracjakameleon.pl,746473100,1 Maja,28,Bielawa,58-260,4.5,138
Pizza Hut,,571410955,1go Maja,5,Jelenia Góra,58-500,4.4,154
McDonald's,,882167189,Grunwaldzka,12,Jelenia Góra,58-500,3.4,71
Tandyr House,tandyrhouselegnica.pl,600132185,Najświętszej Marii Panny,22,Legnica,59-220,4.1,79
Restauracja Floren/Modern Grill,,536 298 303,Złotego Florena,2,Legnica,59-220,4.1,11
Benvenuti in Italia,,767286401,Najświętszej Marii Panny,9,Legnica,59-220,3.7,71
Caruzo Pizzeria,caruzopizzeria.pl,767226618,Hutników,18,Legnica,59-220,4.6,869
Ha Noi,,888383836,Hutników,2,Legnica,59-213,3.9,212
Formia Pizza,formiapizza-legnica.pl,734 546 000,Roosevelta,4,Legnica,59-220,4.4,277
Rock and Roll,,768512074,Bankowa,3,Legnica,59-220,4.6,884
KFC,,519191893,Najświętszej Marii Panny,9,Legnica,59-220,3.4,265
Kebab Dino,kebab-dino-legnica.pl,576 904 806,Jaworzyńska,41,Legnica,59-220,4.3,313
McDonald's,,660 515 460,Wrocławska,22,Legnica,59-220,4,48
KFC,,512424938,Gdańska,23,Polkowice,59-100,2.7,54
Restauracja Kryształowa,restauracjakrysztalowa-walbrzych.pl,748400731,Dunikowskiego,20/1,Wałbrzych,58-309,3.8,182
Pizza Hut,,713862599,1 maja,64,Wałbrzych,58-305,3.9,104
KFC,,713861591,1 Maja,64,Wałbrzych,58-305,3.5,64
Pizza Hut,,786891973,Henryka Wieniawskiego,70,Wałbrzych,58-316,4.3,72
Happy Day,,796555020,Palisadowa,47b,Wałbrzych,58-316,4.4,1887
KFC,,713861793,Wrocławska,28,Wałbrzych,58-309,2.5,120
SUSHIdlaMNIE C.H. Borek,sushidlamniechborek.pl,518141130,aleja Hallera,52,Wrocław,53-324,4.5,129
Zapiekaron od Pizza Hut,,571407478,aleja Hallera,52,Wrocław,53-324,2.6,10
Red Bowl,,731099699,Grabiszyńska,126,Wrocław,53-434,4.5,19
"Pizza Hut, Borek",,48571407478,aleja Hallera,52,Wrocław,53-324,3.6,100
Tutti Santi,,730301530,Aleja Gen. Hallera,52,Wrocław,53-324,4.5,92
"KFC, Borek",,713861484,aleja Hallera,52,Wrocław,53-324,4,85
Pizzeria Simon,pizzeriasimon-wroclaw.pl,500 825 377,Sowia,19,Wrocław,53-024,4.6,295
Restauracja Agawa,,502411066,Waligórskiego,1,Wrocław,53-141,5,19
Bar-Restauracja Hoa Sen,,713877751,Grabiszyńska,66e,Wrocław,53-504,4.8,830
Thai Express,,880484282,aleja Generała Józefa Hallera,52,Wrocław,53-324,4.5,124
McDonald's,,662282706,aleja Hallera,52,Wrocław,53-324,4.1,531
Burgery Szarpane,,791420536,Kościuszki,158/U1,Wrocław,50-430,4.8,288
Amore Mio,,717277770,Partynicka,32d/lu4,Wrocław,53-031,4.3,463
Bari Style Pizza,,727 277 699,Plac Ludwika Hirszfelda,14 H,Wrocław,53-413,4.7,101
Monster Cook,,514666395,Kutnowska,2,Wrocław,53-135,4.8,2335
Bluszcz,,885855528,Racławicka,37,Wrocław,53-149,4.7,2941
5 Restauracja Demo,,717071411,Przyjaźni,4i,Wrocław,88-888,0,0
Projekt Pizza,,514771880,Gajowicka,96,Wrocław,53-422,4.3,6815
Bafra Kebab,,883 553 931,aleja Generała Józefa Hallera,52,Wrocław,53-324,0,0
Kluska,,575635333,Racławicka,3/5,Wrocław,53-149,4.3,13
Kebab365,,791 172 508,Grabiszyńska,66B,Wrocław,53-504,0,0
Maestro Food & Kebab,,729 546 784,Legnicka,66,Wrocław,54-205,4.4,89
Oazja,,662654508,Gagarina,5,Wrocław,54-620,4.8,81
Pho & Nem,,739476111,Wielka,25,Wrocław,53-338,4.8,59
Bar 131,,717804131,Powstańców Śląskich,131A,Wrocław,53-317,0,0
Kozacka Chatka - kuchnia ukraińska i krymska,,537312298,Energetyczna,14,Wrocław,53-330,4.6,9
Kotletowo,karczmapolskawroclaw.pl,511155166,Plac Ludwika Hirszfelda,14,Wrocław,53-413,4.5,108
Pierogarnia Bananicook Manufaktura,,698443958,Partynicka,32D,Wrocław,53-031,5,5
Mr. Pepperoni obok Sky Tower,,576212690,Wielka,25,Wrocław,53-110,3.8,7
McDonald's,,784683087,Mińska,62,Wrocław,54-610,3,393
McDonald's,,664914465,Powstańców Śląskich,95,Wrocław,53-333,4,939
Namig Kebab,,507869295,Zaporoska,68,Wrocław,53-416,3.7,92
Stołóweczka,,536220470,Ślężna,86,Wrocław,53-306,5,12
Domek z Pierogami Wrocław,,536220470,Ślężna,86,Wrocław,53-306,4.9,60
Hommus Libańskie Jedzenie Gyros & Grill,,729872013,Powstańców Śląskich,118,Wrocław,53-333,4.7,551
Figo,,796439745,Orzechowa,59A,Wrocław,50-540,4.7,66
Restauracja Road American Restaurant,,666086593,Powstańców Śląskich,73-95,Wrocław,53-332,4.4,76
Plackarnia,,713364775,aleja Armii Krajowej,2a/1,Wrocław,50-541,4.6,338
Stacholino,,789 131 407,Maksymiliana Jackowskiego,57C,Wrocław,51-665,5,44
Trzy Siostry,,575591869,Żeromskiego,57-59,Wrocław,50-321,4.7,22
iBo Falafel,,795 012 876,Świętego Mikołaja,15,Wrocław,50-128,4.7,412
Bistro Trzy Schody,,537531555,Mieszka I,1/1A,Wrocław,50-327,3.5,387
Update: Starbucks®,,717071411,Rybacka,9,Wrocław,88-888,0,0
Shogun Sushi,,881201789,Józefa Rostafińskiego,16,Wrocław,50-247,4.3,114
Smakowity Kąsek,,602304693,Piłsudskiego,104,Wrocław,50-014,4.2,19
Ale Rzym,,661939777,Kazimierza Wielkiego,1,Wrocław,50-077,4.9,182
Mexico Bar,,713278566,Sępa-Szarzyńskiego,59,Wrocław,50-334,4.6,214
Makarun,,505926770,Powstańców Śląskich,2-4,Wrocław,53-333,4.2,104
SUSHIdlaMNIE Galeria Dominikańska,,780170957,Plac Dominikański,3,Wrocław,50-159,4.3,52
DiBuła,,512 706 838,Stanisława Dubois,16/1A,Wrocław,50-207,4.9,48
Summer Taste,,500333495,Sucha,1,Wrocław,50-086,0,0
Semafor,semaforwroclaw.pl,733502376,Wojciecha Bogusławskiego,25,Wrocław,50-034,4.8,398
Frontend CW testing,,1232545346,test st 12,12325,Krakow,53-656,4.9,8
Update: Krowarzywa,,717071411,Rybacka,9,Wrocław,88-888,0,0
Update: KFC,,717071411,Rybacka,9,Wrocław,88-888,0,0
gofreak,,781902131,Świętego Antoniego,27-29,Wrocław,50-043,4.6,115
Pod Przykrywką,,717470019,Więzienna,18/1,Wrocław,50-118,4.9,69
Enigma Restobar,,713431413,Rynek,16/17,Wrocław,50-101,4.9,31
Sztuka Pizzy,,729492322,B.Prusa 51b,51B,Wrocław,50-317,4.4,42
India Concept,,579333335,Kiełbaśnicza,7a,Wrocław,50-108,4.7,40
Subway,,509426855,Piłsudskiego,105,Wrocław,50-085,4.4,17
Pumo Di Puglia,,791723269,Plac Solny,15,Wrocław,50-062,4.4,16
Woosabi Good Vibes Lounge,,518 212 116,Świdnicka,28,Wrocław,50-068,4.4,33
Graciarnia Pizza Pub,,717956688,Kazimierza Wielkiego,39,Wrocław,50-077,4.1,24
Solleim - Św. Antoniego,,797800484,Św. Antoniego,16,Wrocław,50-043,4.6,136
La Salle,,570 756 631,Krupnicza,9,Wrocław,50-075,4.8,79
Ekushe Kebab,,883 431 457,Komandorska,147,Wrocław,53-344,4,44
Prosecco Oyster Bar,,881226004,pl. Solny,17/1,Wrocław,50-062,4.5,10
Pizzeria Semafor,,786224455,Piłsudskiego,105,Wrocław,50-085,4.1,17
Ostry Kebs,,737995429,Jedności Narodowej,64/2B,Wrocław,50-258,4.3,99
Mamine Smaki,,603 387 656,Pomorska,27,Wrocław,53-010,4.9,38
CUDO Vegan Sushi,,730361781,Jodłowa,4,Wrocław,50-140,4.7,37
Bratwursty,,796496337,Szewska,24/26,Wrocław,50-148,4.9,46
Lubię Pierogi,,731510743,Słowiańska,1,Wrocław,50-234,3.8,15
Lepione,,502 534 596,Sucha,1,Wrocław,50-086,4.8,45
UL Kawowe Studio,,795941655,Władysława Łokietka,10,Wrocław,50-243,0,0
GOOD KEBAB,,697112469,",Sucha",13,Wrocław,50-086,3.4,5
Ramzes I,ramzesi.pl,666360085,Sienkiewicza,29A,Wrocław,50-349,4.5,19988
Appetito Pizzeria Restauracja,appetitopizzeriarestauracja.pl,713325383,Lwowska,10/1A,Wrocław,53-516,4.5,4588
Fc Naleśniki,,790387905,Kuźnicza,63/64 lok.1A,Wrocław,50-138,4.7,380
VEGA Bar Wegański,,713443934,Rynek,27a,Wrocław,50-107,4.4,237
Seafood Bar & Market,,537000148,Swiętego Mikołaja,12,Wrocław,50-125,4.3,173
Kociołek,,796347586,Nożownicza,4,Wrocław,50-119,3.3,24
Smacznissimo - Najlepsza włoska pizza NOCĄ,smacznissimo.pl,507461656,Zaporoska,49,Wrocław,53-519,4.5,628
Hubertus Kuchnia Polska,,713441733,Oławska,18a,Wrocław,50-148,4.3,51
Zenka Cafe,,717127169,Dubois,41,Wrocław,52-208,4.7,13
Kuźnia Dobrych Klimatów,,713732421,Bogusławskiego,81,Wrocław,50-023,4.6,193
Domino's Pizza,,716613001,Kościuszki,83-91,Wrocław,50-442,3.5,400
Kamil Gajewski Test,,717071288,Rybackaa,9,Wrocław,88-888,3.4,5
Targowa Craft Beer & Food,,533330551,Piaskowa,17,Wrocław,50-158,4.4,33
Shrimp House Wita Stwosza,,690676533,Wita Stwosza,41/42,Wrocław,50-149,4.7,305
Bar Karmazyn Hala Targowa,bar-karmazyn-hala-targowa.pl,717957688,Piaskowa,17,Wrocław,50-158,4.7,450
Pan Gruzin,,577322797,Wita Stwosza,15,Wrocław,50-148,4.1,110
Kebab Starmarks,,792 251 210,Piłsudskiego,75,Wrocław,50-018,4.4,199
Chinkalnia,,886533800,"plac Wolności,",9,Wrocław,50-071,4.7,258
Sarah,,609990197,Włodkowica,5,Wrocław,50-072,4.4,28
Pierożek Bar,pierozekbar.pl,717981055,Ks. J. Poniatowskiego,3,Wrocław,50-326,4.7,1353
Pasibus,,732193195,Świdnicka,11,Wrocław,50-066,3.3,753
Armine,armine.pl,713671531,Bogusławskiego,83,Wrocław,50-023,3.5,40
Szynkarnia,,607333432,ul.Św. Antoniego,15,Wrocław,50-073,4.4,35
Bar Smaczek,,501520512,Trzebnicka,1,Wrocław,50-241,4.8,98
Yume Sushi,,791354850,Pomorska,40,Wrocław,50-219,4.4,983
Corso Wine & Bar,corsowinebar.pl,713375789,Szewska,19-21/1A,Wrocław,50-139,3.9,45
Pizza Si,,572 282 619,Wojciecha Bogusławskiego,91,Wrocław,50-031,4.6,892
Pełna Para,,884840019,Powstańców Śląskich,7a,Wrocław,53-332,4.8,24
Happy Little Truck,,579527760,Braniborska,14,Wrocław,50-077,4.6,737
Bistro Nowy Targ,,730885168,Purkyniego,1,Wrocław,50-155,4.6,869
Restauracja Darea,,713435301,Kuźnicza,43/45,Wrocław,50-138,4.6,660
Alyki Restauracja,,607458558,Powstańców Śląskich,95,Wrocław,53-332,4.1,70
Pyszne Office,,717071288,Ul. Rybacka,9,Wrocław,53-656,0,0
Królestwo Ziemniaka,,713724896,Kiełbaśnicza,6,Wrocław,50-108,4.4,50
Ban Thai,,668332111,Sienkiewicza,34a,Wrocław,50-335,4,797
Express Marche,,535976060,Powstańców Śląskich,95,Wrocław,53-332,4.4,22
Garage Burger,garageburger.pl,713163850,Wojciecha Bogusławskiego,46,Wrocław,50-031,4.3,646
Restauracja Wrocławska,,713051228,Szewska,59/60,Wrocław,50-139,4.8,14
Polskie Smaki,,717946902,Piłsudskiego,74,Wrocław,50-020,3.9,30
Bar Jak u Mamy,,503305801,Świętego Wincentego,11,Wrocław,50-252,4.6,719
QA Android & iOS restaurant,,717071411,Rybacka,9,Wrocław,53-656,4.8,4
Scoober Hub,,48577762700,ul. Tadeusza Kościuszki,29,Wrocław,50-011,0,0
Test Restaurant 1234,,123456789,Rybacka,9,Wrocław,53-656,0,0
Kim Long,,713428668,Tęczowa,20,Wrocław,53-602,4.7,445
Swojskie Jadło,,713740148,Bolesława Prusa,2,Wrocław,50-240,4.7,62
Central Cafe,,717949623,Świętego Antoniego,10,Wrocław,50-073,4.9,29
UPDATE: Kebab King,,223163737,Rybacka,9,Wrocław,88-888,0,0
Tacos Locos,,664 976 582,Cybulskiego,1A,Wrocław,50-206,3.9,853
Bite a Donut,,515855891,Świdnicka,42,Wrocław,50-029,4.9,87
Talerzyki,,783258686,Bogusławskiego,34,Wrocław,50-023,4.6,70
Makarun,,882944442,Sucha,1,Wrocław,50-086,4.1,46
Mango Mama OVO,,507083674,Podwale,83,Wrocław,50-414,4.1,195
Pijalnia Czekolady E.Wedel,,539840636,Rynek,59,Wrocław,50-116,4.5,41
Update: STBX,,717071411,Rybacka,9,Wrocław,88-888,0,0
Obiady Domowe Produs,,713456071,Żeromskiego,20,Wrocław,50-321,4.3,258
Frumbo Galeria Dominikańska,,739 989 979,plac Dominikański,3,Wrocław,50-159,4.5,17
Izi Bistro,izi-bistro-wroclaw.pl,729061777,Wielka,28,Wrocław,53-341,4.7,178
Bar Mleczny Swojska Chatka,,604204216,Kazimierza Wielkiego,17,Wrocław,50-077,4.9,58
Balkan Burger Komandorska,,510531000,Komandorska,66,Wrocław,53-110,4.9,67
Chinkalnia Sukiennice,,713307568,Sukiennice,3/4,Wrocław,50-107,3.7,32
Salad Story,,883161141,Plac Dominikański,3,Wrocław,50-159,4.5,47
Pizza Pizza,,725909090,Kotlarska,25,Wrocław,50-118,4.1,20
UPDATE: Fabryka Pizzy API,,717071411,Rybacka,9,Wrocław,53-656,0,0
Robin Bar,,539320297,Ruska,51B,Wrocław,50-079,4.4,29
So! Coffee,,793954551,Świdnicka,1,Wrocław,50-064,4.7,48
Automated DifferentPrice,,1234567890,Teststreet,123,Wroclaw,88-888,0,0
MAX Premium Burgers,,717337585,Sucha,1,Wrocław,50-086,4.1,243
Sevi Kebab Arkady Wrocławskie,,669983137,Powstańców Śląskich,2-4,Wrocław,53-333,4.1,69
Update: Pizza Hut 2,,717071411,Rybacka,9,Wrocław,88-888,0,0
Falla,,733004101,Stawowa,4,Wrocław,50-018,4.5,641
Mani To Go,,668956656,Szewska,59/60,Wrocław,50-529,4.6,130
U Gruzina Bogusławskiego,,577811022,Wojciecha Bogusławskiego,35,Wrocław,50-024,4.8,828
Automated DiscountTest,,1234567890,Teststreet,123,Wroclaw,88-888,0,0
Chicken Strips Tęczowa 3,chicken-strips-ryneczek-jemiolowa-wroclaw.pl,669 312 880,Tęczowa,3,Wrocław,53-601,4.8,256
Domowe pierogi u Marysi,,733828211,Komandorska,2,Wrocław,50-019,4.8,194
Izi Street Food,,48729061777,Wielka,28,Wrocław,53-341,4.5,16
Grill Brothers,,570352867,Pl. Solny,20,Wrocław,50-062,4.5,106
Sergio Mandini,,793252262,Bogusławskiego,47,Wrocław,50-023,4.7,102
The Root,,731 434 800,Krupnicza,3/1D,Wrocław,50-075,4.8,47
Pieczone,pieczone-wroclaw.pl,575231606,Nowowiejska,47A,Wrocław,50-315,4.7,604
Pizza Kieliszki Butelki,,536212223,Igielna,11,Wrocław,50-113,4.1,41
Curry Zone,curryzone.pl,727828111,Sucha,1,Wrocław,50-086,4.6,347
Strips & Burger,,724066499,Drukarska,26,Wrocław,53-308,5,176
Rynek Kebab,,663115129,Kazimierza Wielkiego,9,Wrocław,50-077,4.4,106
Sevi Kebab,,505068976,Sucha,1,Wrocław,50-086,4.5,77
Deccan Kebab,,739669695,Trzebnicka,40,Wrocław,50-231,3.6,117
UPDATE: Sphinx API 3,,123456789,Rybacka,9,Wrocław,88-888,0,0
Soup Culture Wrocław,,796722958,Świdnicka,43,Wrocław,50-215,4.8,36
Manufaktura Pizzy i Chleba,,798815775,wyspa Słodowa,10,Wrocław,50-266,4.7,69
Sultan Express,,888500247,Jedności Narodowej,62,Wrocław,50-260,4.5,41
Pizzatopia,,884206580,Świdnicka,6A/8A,Wrocław,50-067,4.6,523
Wrocław Kebab i Pizza,,500770450,Wita Stwosza,44,Wrocław,50-438,4.4,61
Bar Orientalny Com Viet,,579 127 943,Henryka Pobożnego,8,Wrocław,50-241,4.4,331
MAX Premium Burgers,,71 661 29 48,plac Dominikański,3,Wrocław,50-159,3.4,514
So! Coffee,,791437179,Sucha,1,Wrocław,50-086,4.8,32
Sushi Lovers Rynek,,71 716 22 27,Odrzańska,20,Wrocław,50-114,4.2,112
Africano Shisha Bar,,713696834,Łaciarska,28,Wrocław,50-146,5,5
Chaplin,,788281001,Świętego Wincentego,41,Wrocław,50-253,4.7,9
Woosabi,,713419983,Pawła Włodkowica,21,Wrocław,50-072,4.7,736
Verona,,713442675,Pl. Nowy Targ,22/23,Wrocław,50-144,3.7,33
Moon Kebab,,883729970,Jedności Narodowej,63,Wrocław,50-262,4.5,192
Bar Orientalny Kim Ngan,,713432516,Widok,2/4,Wrocław,50-052,4.6,362
Chopper Bar,,713443781,Kotlarska,42,Wrocław,50-151,4.2,69
Dzika Gastronomia,,729830273,Tęczowa 83x/3,83x/3,Wrocław,53-601,4.5,50
North Fish,,885800196,Sucha,1,Wrocław,50-086,4.3,102
UPDATE: Chłopskie Jadło API 3,,123456789,Rybacka,9,Wrocław,88-888,0,0
Express Oriental,,502021210,Powstańców Śląskich,2-4,Wrocław,53-333,4.7,6
Ember Kebab,,721374693,Ruska,61,Wrocław,50-079,4.5,6
Czarna Magia Cafe,,713666537,Kiełbaśnicza,2,Wrocław,50-108,4.5,24
Yummy Place,yummyplace.pl,884644977,Komuny Paryskiej,45/2U,Wrocław,50-451,4.3,267
Fabryka Smaków,,883714716,Piłsudskiego,105,Wrocław,50-085,4.3,169
Swojska Chatka,,783831140,Piłsudskiego ( dworzec PKP ),105,Wrocław,50-085,4.2,87
North Fish,,664998244,Plac Dominikański,3,Wrocław,50-159,4.3,51
z Pasją,,535976464,Jedności Narodowej,104/1U1,Wrocław,50-301,4.8,37
OLIO BISTRO&CAFFE,,71 776 62 62,Powstańców Śląskich,2-4,Wrocław,53-333,0,0
Setka,,733407407,Kazimierza Wielkiego,50a,Wrocław,50-077,3.6,74
Bar Orientalny Kim Anh,,729673205,Bogusławskiego,29,Wrocław,50-023,4.8,160
Salad Story,,537572506,Sucha,1,Wrocław,50-086,4.4,211
Sushi Room,sushi-room-wroclaw.pl,884668133,Ruska,51B,Wrocław,50-079,4.6,9
Pod Papugami,,713439275,Sukiennice,9A,Wrocław,50-107,4.8,26
Dwór Polski,,713724896,Rynek,5,Wrocław,50-108,4.5,48
Bar Pierożek,barpierozekwroclaw.pl,510 508 306,Sądowa,7/1a,Wrocław,50-046,4.7,895
WrapMe!,,533379377,Sucha,1,Wrocław,50-086,4.2,101
Jaffa Bar&Market,,578 000 496,Plac Solny,14,Wrocław,50-062,4.5,158
Sorrir,,503099817,Kotlarska,25,Wrocław,50-120,4.7,20
The Pancake Place,,793063477,Więzienna,1/4,Wrocław,50-118,4.7,127
Wieprzowina w Bułce,,794515248,Piłsudskiego,116,Wrocław,50-020,3.9,6
Monster Cook Nadodrze,monster-cook-nadodrze.pl,881229666,Jedności Narodowej,49,Wrocław,50-260,4.8,1138
Express Oriental,,531919195,Plac Dominikański,3,Wrocław,50-159,4.9,44
Izakaya Sushi,,509 777 767,Wita Stwosza,3,Wrocław,50-148,4.6,342
Makarun,,575000587,",Długa",37/47,Wrocław,53-633,4.3,267
Amalfi Cucina Moderna,,508 390 277,Więzienna,21,Wrocław,50-118,2.4,4
Sevi Kebab Galeria Dominikańska,,531919195,plac Dominikański,3,Wrocław,50-159,4.2,157
Palarnia Paloma,,572 915 014,Plac Solny,8/9,Wrocław,50-061,4.9,27
WrapMe!,,883161141,Plac Dominikański,3,Wrocław,50-159,0,0
Na pokuszenie,,721 285 799,Bogusławskiego,39,Wrocław,50-023,0,0
Mango Mama Nadodrze,,883004007,Jedności Narodowej,77,Wrocław,50-262,4.6,4741
Piekarnia Gruzińska u Koki,,780621339,Kuźnicza,25,Wrocław,50-147,0,0
Pizzeria Simon Szczepin,,48574000473,Zielonogórska,12,Wrocław,53-617,0,0
Tandyr House,,538 309 903,Piłsudskiego,79,Wrocław,50-019,0,0
Pha Tha Thai,,534798863,Więzienna,5b,Wrocław,50-118,4.2,813
Bar Orientalny Minh Anh,,504376410,Bolesława Drobnera,6/1b,Wrocław,50-257,4.6,1573
Pół Kilo Kebab,,48452616532,Radosna,38,Wrocław,53-336,4.4,12
Panteon Pizza,,48570107184,Władysława Jagiełły,3/4,Wrocław,50-201,4.8,7
Cegielnia,,884003891,Świdnicka,5/1B,Wrocław,50-438,4.8,8
Restauracja Tequilarnia,,516414909,Rynek,22,Wrocław,50-101,3.4,3
Pierogarnia Stary Młyn,,71 302 73 62,Rynek,29,Wrocław,50-114,3.6,27
